"","X.1","X","street1","accidents","lon","lat"
"1",153,153,"ALT-TEMPELHOF / FUHRMANNSTR. / GERMANIASTR. / DORFAUE TEMPELHOF / STRAßE 20A",1,13.3856226,52.4659253
"2",304,304,"ASKANIERRING / HAVELSCHANZE / NEUENDORFER STR. / STREITSTR. / KGA KLECKERSDORF",1,NA,NA
"3",395,395,"BÄUMERPLAN / LOEWENHARDTDAMM / SCHREIBERRING / SPIELPARK BÄUMERPLAN,ZW.WÜST",1,NA,NA
"4",471,471,"BERGSTR. / STRAßE ZUM LÖWEN",1,13.15966,52.427419
"5",750,750,"BUDAPESTER STR. / KURFÜRSTENSTR. / NÜRNBERGER STR. / OLOF-PALME-PLATZ",2,NA,NA
"6",791,791,"BÜRKNERSTR. / FRIEDELSTR. / MAYBACHUFER / HOBRECHTBRÜCKE",2,NA,NA
"7",1238,1238,"FICHTESTR. / GRIMMSTR. / KÖRTESTR. / URBANSTR. / GRIMMPARK",3,NA,NA
"8",1415,1415,"GARTENFELDER STR. / SAATWINKLER DAMM / GARTENFELDER BRÜCKE",2,NA,NA
"9",2060,2060,"KARLSHORSTER STR. / NÖLDNERSTR.",1,NA,NA
"10",2063,2063,"KARLSHORSTER STR. / STUBENRAUCHBRÜCKE",1,NA,NA
"11",2116,2116,"KISSELNALLEE / PIONIERSTR. / ZEPPELINSTR. (ENDE)",1,NA,NA
"12",2263,2263,"KUHLIGKSHOFSTR. / SCHLOßSTR. / WOLFENSTEINDAMM / A 103 BAB ABZWEIG ZEHLENDORF /",3,NA,NA
"13",2345,2345,"LICHTENBERGER STR. / PALISADENSTR. / WEYDEMEYERSTR. / PLATZ DER VEREINTEN NATION",1,NA,NA
"14",2501,2501,"MARTIN-LUTHER-STR. / WARTBURGSTR.",1,13.3449859,52.4868481
"15",2502,2502,"MARTIN-LUTHER-STR. / WINTERFELDTSTR.",1,13.3460625,52.4959143
"16",2503,2503,"MARTIN-MÄHRLEIN-WEG",1,13.4697739,52.4464818
"17",2504,2504,"MARTIN-RIESENBURGER-STR. / JOHANNES-BOBROWSKI-STR.",1,13.6125992,52.534069
"18",2505,2505,"MARZAHNER CHAUSSEE / ALLEE DER KOSMONAUTEN",1,13.5336355,52.5257213
"19",2506,2506,"MARZAHNER CHAUSSEE / SEDDINER STR.",1,13.523968,52.5132285
"20",2507,2507,"MARZAHNER STR. / PLAUENER STR.",1,13.5161473,52.5463569
"21",2508,2508,"MARZAHNER STR. / WOLLENBERGER STR.",1,13.5118412,52.5463104
"22",2509,2509,"MASSANTEBRÜCKE / HERMANN-GLADENBECK-BRÜCKE / STUBENRAUCHSTR. / A 113 BAB AUTO",1,13.4973917,52.4334091
"23",2510,2510,"MAßMANNSTR.",1,13.3206357,52.4661719
"24",2511,2511,"MASURENALLEE / MESSEDAMM / NEUE KANTSTR.",4,13.2804875,52.5063441
"25",2512,2512,"MASURENSTR. / MÜHLENSTR.",1,13.4114532,52.5627076
"26",2513,2513,"MATENZEILE / ROTKAMP",1,13.5097922,52.5617995
"27",2514,2514,"MATTHIEUSTR. / NOÉWEG / BLANKENFELDER STR.",1,13.419128,52.608431
"28",2515,2515,"MAX-BEER-STR.",3,13.4086326,52.52624
"29",2516,2516,"MAX-BEER-STR. / MÜNZSTR. / ROCHSTR. (ENDE)",2,NA,NA
"30",2517,2517,"MAX-BRUNNOW-STR. / STORKOWER STR.",1,13.4588117,52.5266933
"31",2518,2518,"MAX-DOHRN-STR. / LISE-MEITNER-STR.",1,13.3059776,52.5318768
"32",2519,2519,"MAX-DOHRN-STR. / TEGELER WEG",2,13.295994,52.5304423
"33",2520,2520,"MAXIMILIANSTR. / MÜHLENSTR.",2,13.4109804,52.5611705
"34",2521,2521,"MAXSTR. / SCHULSTR.",1,13.3642519,52.5496605
"35",2522,2522,"MAYBACHUFER",4,13.4304048,52.4927322
"36",2523,2523,"MAYBACHUFER / LOHMÜHLENBRÜCKE",2,13.439131,52.4895098
"37",2524,2524,"MAYSCHWEG / WENDENSCHLOßSTR.",1,13.5825569,52.4358116
"38",2525,2525,"MECKLENBURGISCHE STR. / PARETZER STR. / WALLENBERGSTR.",2,13.3158042,52.4818663
"39",2526,2526,"MECKLENBURGISCHE STR. / SCHLANGENBADER STR. / A 100 BAB / 100 AS SCHMARGENDORF E",1,13.3082716,52.4778622
"40",2527,2527,"MEERANER STR. / ALLEE DER KOSMONAUTEN",1,13.5227257,52.5267271
"41",2528,2528,"MEHRINGDAMM",8,13.3871323,52.4915978
"42",2529,2529,"MEHRINGDAMM / TEMPELHOFER UFER / MEHRINGBRÜCKE",12,13.3889459,52.4976026
"43",2530,2530,"MEINEKESTR.",1,13.3289653,52.5013346
"44",2531,2531,"MELLENSEESTR. / SEWANSTR.",1,13.5146281,52.4946187
"45",2532,2532,"MEMHARDSTR. / MÜNZSTR. / ROSA-LUXEMBURG-STR.",9,13.4097069,52.5240559
"46",2533,2533,"MENDELSSOHNSTR.",1,13.4198081,52.5269993
"47",2534,2534,"MENTELINSTR. / RUMMELSBURGER STR.",4,13.5120944,52.4707464
"48",2535,2535,"MERCATORWEG",1,13.31844,52.4124563
"49",2536,2536,"MESSEDAMM",4,13.2781082,52.5035063
"50",2537,2537,"MESSEDAMM,HALE",3,13.274552,52.501274
"51",2538,2538,"METHFESSELSTR.",1,13.383991,52.4875437
"52",2539,2539,"METZER STR. / PRENZLAUER ALLEE",2,13.4190863,52.5305021
"53",2540,2540,"METZER STR. / SCHÖNHAUSER ALLEE / SCHWEDTER STR. / SENEFELDERPLATZ",2,13.4124573,52.5326502
"54",2541,2541,"METZER STR. / STRAßBURGER STR.",1,13.4157376,52.5316296
"55",2542,2542,"METZER STR. / WILHELMSTR.",1,13.1939442,52.525445
"56",2543,2543,"MEYERBEERSTR.",2,13.4581072,52.547771
"57",2544,2544,"MICHAEL-BOHNEN-RING / SONNENALLEE",1,13.4764636,52.4626024
"58",2545,2545,"MICHAEL-BRÜCKNER-STR. / BRITZER STR. / FENNSTR.",1,13.49246,52.46774
"59",2546,2546,"MICHAEL-BRÜCKNER-STR. / BRÜCKENSTR. / SCHNELLERSTR.",1,13.5105654,52.4561497
"60",2547,2547,"MICHAEL-BRÜCKNER-STR. / HASSELWERDERSTR.",2,13.5132292,52.4542556
"61",2548,2548,"MICHAELKIRCHPLATZ / MICHAELKIRCHSTR. / SCHMIDSTR.",1,13.4192719,52.5079878
"62",2549,2549,"MICHELANGELOSTR. / HANNS-EISLER-STR.",2,13.4534972,52.5422711
"63",2550,2550,"MIERENDORFFPLATZ",1,13.3047459,52.5256982
"64",2551,2551,"MIERENDORFFSTR. / TAUROGGENER STR. / TEGELER WEG",1,13.3004309,52.5225443
"65",2552,2552,"MILDRED-HARNACK-STR. / MÜHLENSTR.",1,13.4407036,52.5047451
"66",2553,2553,"MINNA-CAUER-STR. / TUNNEL TIERGARTEN SPREEBOGEN / INVALIDENSTR. / TUNNEL TIERGAR",4,13.3699485,52.5162907
"67",2554,2554,"MIRBACHPLATZ / SCHÖNSTR.",1,13.4493404,52.5530629
"68",2555,2555,"MITTELBRUCHZEILE",1,13.3709418,52.5671495
"69",2556,2556,"MITTELSTR. / ALTENHOFER STR.",1,13.4804808,52.5352941
"70",2557,2557,"MITTELWEG / THOMASSTR.",1,13.4397047,52.4736889
"71",2558,2558,"MÖCKERNSTR.",1,13.3797873,52.4965115
"72",2559,2559,"MÖCKERNSTR. / ASKANISCHER PLATZ / STRESEMANNSTR.",2,13.3834746,52.5036779
"73",2560,2560,"MÖCKERNSTR. / TEMPELHOFER UFER / MÖCKERNBRÜCKE",2,13.3828513,52.4991181
"74",2561,2561,"MODERSOHNSTR.",2,13.45794,52.501857
"75",2562,2562,"MOHRENFALTERSTR.",1,13.565022,52.5008216
"76",2563,2563,"MOHRENFALTERSTR. / KÖPENICKER STR. (ENDE)",1,13.5622157,52.5001103
"77",2564,2564,"MOHRENSTR.",2,13.3899023,52.5120984
"78",2565,2565,"MOHRINER ALLEE / AM BRANDPFUHL",1,13.425438,52.4419001
"79",2566,2566,"MOLKENMARKT / MÜHLENDAMM / POSTSTR.",1,13.4072578,52.5152938
"80",2567,2567,"MÖLLENDORFFSTR.",2,13.4795858,52.5202069
"81",2568,2568,"MOLLSTR.",3,13.4208814,52.524613
"82",2569,2569,"MOMMSENSTR. / SCHLÜTERSTR.",1,13.317644,52.506074
"83",2570,2570,"MONUMENTENSTR.",3,13.3703735,52.4880511
"84",2571,2571,"MORITZSTR.",1,13.20072,52.538603
"85",2572,2572,"MORSESTR.",1,13.3221717,52.5220664
"86",2573,2573,"MORUSSTR. / WERBELLINSTR.",1,13.4327397,52.4783542
"87",2574,2574,"MOTARDSTR. / ROHRDAMM / WOHLRABEDAMM",2,13.2664162,52.533894
"88",2575,2575,"MOTZENER STR. / NAHMITZER DAMM / GUTSPARK MARIENFELDE",4,13.3760478,52.4092374
"89",2576,2576,"MOTZENER STR. / SPERENBERGER STR.",1,13.3824697,52.4010877
"90",2577,2577,"MOTZSTR.",1,13.3437017,52.4963407
"91",2578,2578,"MÜGGELHEIMER STR.",3,13.5806938,52.443092
"92",2579,2579,"MÜGGELHEIMER STR. / WENDENSCHLOßSTR.",2,13.5823522,52.4427164
"93",2580,2580,"MÜGGELSCHLÖßCHENWEG / ALFRED-RANDT-STR.",1,13.6018061,52.4397839
"94",2581,2581,"MÜGGELSCHLÖßCHENWEG / ERWIN-BOCK-STR.",1,13.598077,52.4415969
"95",2582,2582,"MÜGGELSEEDAMM",3,13.6332995,52.4473229
"96",2583,2583,"MÜGGELSEEDAMM / FÜRSTENWALDER DAMM",1,13.663367,52.449433
"97",2584,2584,"MÜGGELSEEDAMM / PETER-HILLE-STR.",1,13.6202678,52.4461575
"98",2585,2585,"MÜGGELSEEDAMM / SCHARNWEBERSTR.",1,13.6272018,52.446741
"99",2586,2586,"MÜHLENSTR.",8,13.406583,52.565354
"100",2587,2587,"MÜHLENSTR. / ÖTZTALER STR.",1,13.4099688,52.5624079
"101",2588,2588,"MÜHLENSTR. / SUNDGAUER STR.",2,13.274377,52.436544
"102",2589,2589,"MÜHSAMSTR. / PETERSBURGER STR.",1,13.451915,52.5204967
"103",2590,2590,"MULACKSTR.",1,13.4056234,52.527411
"104",2591,2591,"MÜLHAUSER STR. / PRENZLAUER ALLEE",1,13.4203134,52.5328003
"105",2592,2592,"MÜLLERSTR.",17,13.3526681,52.5500316
"106",2593,2593,"MÜLLERSTR. / OSTENDER STR. / UTRECHTER STR.",1,13.3554731,52.5483928
"107",2594,2594,"MÜLLERSTR. / OTAWISTR. / SCHÖNINGSTR.",2,13.3421765,52.5559491
"108",2595,2595,"MÜLLERSTR. / SCHULZENDORFER STR. / SELLERSTR.",3,13.370475,52.5400162
"109",2596,2596,"MÜLLERSTR. / SEESTR.",11,13.3521035,52.5503341
"110",2597,2597,"MÜNCHENER STR.",1,13.3419312,52.4914631
"111",2598,2598,"MÜNSTERLANDSTR. / WEITLINGSTR.",1,13.4946337,52.5038436
"112",2599,2599,"MÜNZSTR.",2,13.407923,52.5245246
"113",2600,2600,"MUSKAUER STR. / MARIANNENPLATZ",1,13.4258332,52.50341
"114",2601,2601,"MUSSEHLSTR.",2,13.3807774,52.4835767
"115",2602,2602,"MYSLOWITZER STR. / PLANITZSTR.",1,13.5919052,52.507444
"116",2603,2603,"NACHODSTR.",1,13.3337405,52.4952039
"117",2604,2604,"NACHTALBENWEG / DARßER STR.",1,13.4699298,52.5673902
"118",2605,2605,"NALEPASTR. / RUMMELSBURGER LANDSTR.",1,13.502229,52.4816771
"119",2606,2606,"NALEPASTR. / SIEMENSSTR. / WILHELMINENHOFSTR.",1,13.5085646,52.4637475
"120",2607,2607,"NATALISSTEIG",1,13.2699782,52.54054
"121",2608,2608,"NAUENER STR. / SEEGEFELDER STR. / ZEPPELINSTR.",2,13.1824106,52.538464
"122",2609,2609,"NAUMANNSTR. / WILHELM-KABUS-STR.",1,13.3649398,52.4799292
"123",2610,2610,"NAUNYNSTR.",4,13.4216387,52.5017978
"124",2611,2611,"NAUNYNSTR. / ADALBERTSTR.",3,13.4199888,52.5022502
"125",2612,2612,"NAVARRAPLATZ / MÜHLENSTR. / ROSENTHALER WEG / TRIFTSTR.",1,13.429798,52.608412
"126",2613,2613,"NAZARETHKIRCHSTR.",2,13.3607164,52.5486605
"127",2614,2614,"NEHRINGSTR.",1,13.2940614,52.5155348
"128",2615,2615,"NELTESTR.",1,13.5373873,52.4409175
"129",2616,2616,"NENNHAUSER DAMM",1,13.1332849,52.5298212
"130",2617,2617,"NENNHAUSER DAMM / BUSCHOWER WEG",1,13.1335627,52.5286377
"131",2618,2618,"NENNHAUSER DAMM / HAUPTSTR.",1,13.1405308,52.5303573
"132",2619,2619,"NENNHAUSER DAMM / SPANDAUER STR.",1,13.1419758,52.5341725
"133",2620,2620,"NEPTUNSTR. / SCHULZENDORFER STR.",1,13.5803971,52.3993696
"134",2621,2621,"NERTHUSWEG",1,13.4944143,52.6198241
"135",2622,2622,"NERU",2,13.404954,52.5200066
"136",2623,2623,"NESSELWEG",1,13.3807356,52.597323
"137",2624,2624,"NEUDECKER WEG / AUGUST-FROEHLICH-STR. / AN DER WERDERLAKE",1,13.5157055,52.4208572
"138",2625,2625,"NEUE BAHNHOFSTR.",2,13.4700962,52.5060269
"139",2626,2626,"NEUE BAHNHOFSTR. / SIMPLONSTR. / SONNTAGSTR.",1,13.4679647,52.504393
"140",2627,2627,"NEUE GRÜNSTR.",1,13.4050641,52.5093818
"141",2628,2628,"NEUE GRÜNSTR. / SEYDELSTR.",1,13.4054872,52.509984
"142",2629,2629,"NEUE HOCHSTR.",2,13.3756095,52.5403119
"143",2630,2630,"NEUE HOCHSTR. / SCHÖNWALDER STR.",2,13.3754932,52.5424393
"144",2631,2631,"NEUE JAKOBSTR.",1,13.4124545,52.5107634
"145",2632,2632,"NEUE JÜDENSTR. / JÜDENSTR. / MOLKENMARKT / STRALAUER STR.",1,13.4105676,52.5161478
"146",2633,2633,"NEUE KANTSTR. / WITZLEBENSTR.",2,13.2928178,52.5067132
"147",2634,2634,"NEUE KRUGALLEE",1,13.486409,52.4768163
"148",2635,2635,"NEUE KRUGALLEE / WILLI-SÄNGER-STR. / PLÄNTERWALD",1,13.485462,52.4778738
"149",2636,2636,"NEUENDORFER STR.",1,13.2092148,52.5468938
"150",2637,2637,"NEUENDORFER STR. / FALKENSEER PLATZ",2,13.2035684,52.5408201
"151",2638,2638,"NEUENDORFER STR. / HEIDETOR / ORANIENBURGER TOR",1,13.3942097,52.524663
"152",2639,2639,"NEUE ROßSTR. / WALLSTR.",2,13.4087817,52.5119977
"153",2640,2640,"NEUE SCHÖNHAUSER STR. / ROSENTHALER STR.",1,13.4031714,52.5247321
"154",2641,2641,"NEUE SCHÖNHOLZER STR.",3,13.4021935,52.5673477
"155",2642,2642,"NEUES UFER / SICKINGENSTR. / SICKINGENBRÜCKE",2,13.3144037,52.5303518
"156",2643,2643,"NEUKÖLLNER STR.",1,13.4874507,52.4227114
"157",2644,2644,"NEUKÖLLNER STR. / SCHÖNEFELDER STR. / WALTERSDORFER CHAUSSEE",1,13.4978349,52.4151417
"158",2645,2645,"NEUKÖLLNISCHE ALLEE / FORSTHAUSALLEE",1,13.472006,52.461318
"159",2646,2646,"NEUKÖLLNISCHE ALLEE / KGA KARLSRUHE 2 / CHRIS-GUEFFROY-ALLEE",1,13.4722408,52.460866
"160",2647,2647,"NEUKÖLLNISCHE ALLEE / PLANETENSTR.",1,13.4637429,52.4664238
"161",2648,2648,"NEUMAGENER STR.",1,13.4719071,52.5598011
"162",2649,2649,"NEUMANNSTR.",2,13.4218836,52.561001
"163",2650,2650,"NEUMANNSTR. / ARNOLD-ZWEIG-STR.",2,13.4217833,52.5625059
"164",2651,2651,"NEUSTÄDTISCHE KIRCHSTR.",1,13.3855183,52.5184108
"165",2652,2652,"NIEBUHRSTR.",1,13.3136223,52.5044438
"166",2653,2653,"NIEBUHRSTR. / WIELANDSTR.",1,13.3155601,52.5043349
"167",2654,2654,"NIEBUHRSTR. / WILMERSDORFER STR.",1,13.3073295,52.5045823
"168",2655,2655,"NIEDERKIRCHNERSTR.",1,13.3824986,52.5072345
"169",2656,2656,"NIEDERKIRCHNERSTR. / STRESEMANNSTR.",1,13.3791821,52.5070278
"170",2657,2657,"NIEDERKIRCHNERSTR. / ZIMMERSTR. / WILHELMSTR.",1,13.3855475,52.5074353
"171",2658,2658,"NIEDERLAGSTR. / WERDERSCHER MARKT",2,13.3980412,52.5154367
"172",2659,2659,"NIEDERNEUENDORFER ALLEE",2,13.2099444,52.5791285
"173",2660,2660,"NIERITZWEG",1,13.251307,52.415295
"174",2661,2661,"NIKLASSTR. / SPANISCHE ALLEE",1,13.2202519,52.4317209
"175",2662,2662,"NIPKOWSTR. / RADICKESTR.",1,13.5500371,52.4363178
"176",2663,2663,"NK",2,13.449073,52.4738239
"177",2664,2664,"NOBELSTR. / SCHMALENBACHSTR.",1,13.4693562,52.460503
"178",2665,2665,"NÖLDNERSTR.",1,13.4850313,52.5037109
"179",2666,2666,"NOLLENDORFPLATZ / KARL-HEINRICH-ULRICHS-STR.",1,13.3540644,52.5001419
"180",2667,2667,"NONNENDAMMALLEE",1,13.2516872,52.5377285
"181",2668,2668,"NONNENDAMMALLEE / BOLTONSTR.",2,13.2451372,52.5381819
"182",2669,2669,"NONNENDAMMALLEE / OTTERNBUCHTSTR. / PAULSTERNSTR.",1,13.2476917,52.5380492
"183",2670,2670,"NORDBAHNSTR. / WOLLANKSTR.",2,13.3932452,52.5644588
"184",2671,2671,"NORDENDSTR.",1,13.3883192,52.5888789
"185",2672,2672,"NORDENDSTR. / SCHÖNHAUSER STR.",1,13.400507,52.5908867
"186",2673,2673,"NORDHAUSER STR. / SÖMMERINGSTR.",2,13.3089197,52.5246139
"187",2674,2674,"NORDMANNZEILE / RIEMENSCHNEIDERWEG / VORARLBERGER DAMM",1,13.3490957,52.4703388
"188",2675,2675,"NORDRING / HOHENSCHÖNHAUSER STR.",5,13.5401145,52.5653014
"189",2676,2676,"NORDUFER",1,13.3495122,52.5390386
"190",2677,2677,"NORDUFER / SAMOASTR.",1,13.3548748,52.5396971
"191",2678,2678,"NORDUFER / SEESTR. / SEESTRAßENBRÜCKE NÖRDLICH",3,13.3341833,52.5413021
"192",2679,2679,"NORTH-WILLYS-STR. / JAMES-FRANCK-STR. / RUDOWER CHAUSSEE",1,13.522363,52.4284697
"193",2680,2680,"NORWEGERSTR.",1,13.3989385,52.5550641
"194",2681,2681,"NOSTITZSTR.",1,13.3906458,52.4914939
"195",2682,2682,"NÜRNBERGER STR.",4,13.3376756,52.5015838
"196",2683,2683,"NYMPHENUFER",1,13.1890263,52.4246915
"197",2684,2684,"OBENTRAUTSTR.",1,13.3845963,52.4967452
"198",2685,2685,"OBERBAUMBRÜCKE (SPREE)",2,13.4457079,52.5018599
"199",2686,2686,"OBERBAUMSTR.",1,13.4433473,52.5009448
"200",2687,2687,"OBERFELDSTR.",1,13.553278,52.509181
"201",2688,2688,"OBERFELDSTR. / CECILIENSTR.",1,13.5580341,52.5296477
"202",2689,2689,"OBERFELDSTR. / ÖSELER STR. / RAPSWEG",1,13.5559346,52.520098
"203",2690,2690,"OBERLANDSTR. / A 100 BAB / 100 AS OBERLANDSTR AUSF N OBERLANDSTR WEST / 100 AS O",1,13.4156029,52.4645482
"204",2691,2691,"OBERSPREESTR. / WESTENDSTR.",1,13.5635013,52.4457079
"205",2692,2692,"OBERWEIßBACHER STR. / MEHROWER ALLEE",1,13.5703121,52.5557071
"206",2693,2693,"OBSTALLEE",2,13.1679693,52.5209046
"207",2694,2694,"ODENWALDSTR.",2,13.3245487,52.4677906
"208",2695,2695,"ODERBERGER STR.",1,13.4080651,52.5391908
"209",2696,2696,"ODERBRUCHSTR. / LANDSBERGER ALLEE",1,13.4605835,52.5296264
"210",2697,2697,"ODERSTR.",2,13.4199863,52.472132
"211",2698,2698,"OFFENBACHER STR.",1,13.3200363,52.4750899
"212",2699,2699,"OHLAUER STR. / WIENER STR. / GÖRLITZER-PARK",3,13.4378022,52.4957448
"213",2700,2700,"OHMSTR.",1,13.2731438,52.5353519
"214",2701,2701,"OLBERSSTR. / TEGELER WEG",1,13.2964106,52.5293255
"215",2702,2702,"OLDENBURGER STR. / OTTOSTR. / TURMSTR.",1,13.3354705,52.5266954
"216",2703,2703,"OLYMPISCHE STR. / WESTENDALLEE",2,13.2549432,52.5160919
"217",2704,2704,"ONKEL-TOM-STR.",1,13.2506495,52.4513228
"218",2705,2705,"ONKEL-TOM-STR. / QUERMATENWEG / RIEMEISTERSTR.",1,13.2503648,52.4536537
"219",2706,2706,"ONKEL-TOM-STR. / SCHÜTZALLEE / SVEN-HEDIN-STR.",1,13.2552101,52.4406198
"220",2707,2707,"ONTARIOSEESTR.",1,13.5222609,52.4947219
"221",2708,2708,"OPPELNER STR. / SKALITZER STR.",1,13.4413933,52.5005403
"222",2709,2709,"OPPELNER STR. / WRANGELSTR.",2,13.4403048,52.4992537
"223",2710,2710,"OPPERMANNSTR.",1,13.5666547,52.5474805
"224",2711,2711,"ORANIENBURGER CHAUSSEE / RAUENTALER STR. / SCHÖNFLIEßER STR.",1,13.3013814,52.6433547
"225",2712,2712,"ORANIENBURGER CHAUSSEE / SCHÖNFLIEßER STR.",1,13.3017497,52.6429786
"226",2713,2713,"ORANIENBURGER STR.",4,13.3942097,52.524663
"227",2714,2714,"ORANIENBURGER STR. / ROEDERNALLEE",1,13.3333623,52.5941329
"228",2715,2715,"ORANIENBURGER STR. / TUCHOLSKYSTR.",3,13.392884,52.5249937
"229",2716,2716,"ORANIENDAMM",1,13.3215118,52.6092367
"230",2717,2717,"ORANIENDAMM / WAIDMANNSLUSTER DAMM / ZABEL-KRÜGER-DAMM",1,13.3238116,52.6078536
"231",2718,2718,"ORANIENPLATZ",1,13.4153931,52.5025679
"232",2719,2719,"ORANIENSTR.",28,13.4124492,52.5031748
"233",2720,2720,"ORANIENSTR. / ADALBERTSTR.",4,13.4192859,52.5012871
"234",2721,2721,"ORANIENSTR. / ALEXANDRINENSTR.",4,13.4052762,52.5051593
"235",2722,2722,"ORANIENSTR. / ALTE JAKOBSTR.",2,13.4016926,52.506148
"236",2723,2723,"ORANIENSTR. / AXEL-SPRINGER-STR. / RUDI-DUTSCHKE-STR. / LINDENSTR.",4,13.3982752,52.5070869
"237",2724,2724,"ORANIENSTR. / MORITZPLATZ",8,13.4103596,52.5036945
"238",2725,2725,"ORANIENSTR. / ORANIENPLATZ",4,13.4149496,52.5025253
"239",2726,2726,"ORANIENSTR. / PRINZESSINNENSTR.",2,13.411966,52.5033105
"240",2727,2727,"ORANIENSTR. / STALLSCHREIBERSTR.",3,13.4095981,52.5039816
"241",2728,2728,"ORANKEWEG",1,13.4732569,52.54763
"242",2729,2729,"ORDENSMEISTERSTR.",2,13.3918899,52.4576026
"243",2730,2730,"ORDENSMEISTERSTR. / WENCKEBACHSTR.",1,13.3868963,52.45641
"244",2731,2731,"ORTHSTR. / SCHÖNSTEDTSTR.",1,13.3741604,52.5507094
"245",2732,2732,"ORTOLFSTR.",1,13.5340874,52.4086282
"246",2733,2733,"ORTOLFSTR. / MOHNWEG",1,13.5339869,52.4084622
"247",2734,2734,"ORTOLFSTR. / WEGEDORNSTR.",1,13.536773,52.4129905
"248",2735,2735,"OSDORFER STR.",3,13.3246695,52.4080948
"249",2736,2736,"OSDORFER STR. / OSTPREUßENDAMM",1,13.3106754,52.4212183
"250",2737,2737,"OSLOER STR.",2,13.3787406,52.5561803
"251",2738,2738,"OSLOER STR. / PRINZENALLEE",1,13.3834889,52.5558997
"252",2739,2739,"OSLOER STR. / REINICKENDORFER STR. / SEESTR. / LOUISE-SCHROEDER-PLATZ",3,13.3654582,52.5571115
"253",2740,2740,"OSLOER STR. / SCHWEDENSTR.",2,13.3741432,52.5565346
"254",2741,2741,"OSLOER STR. / STOCKHOLMER STR. / TRAVEMÜNDER STR. / OSLOER-STRAßEN-BRÜCKE",1,13.3813977,52.5559719
"255",2742,2742,"OSNABRÜCKER STR. / MIERENDORFFPLATZ",1,13.3037974,52.5255977
"256",2743,2743,"OSNABRÜCKER STR. / TEGELER WEG",3,13.2974192,52.5265139
"257",2744,2744,"OSSIETZKYSTR.",1,13.407541,52.5738758
"258",2745,2745,"OSSIETZKYSTR. / BREITE STR.",2,13.4089914,52.5709866
"259",2746,2746,"OSTENDER STR.",1,13.351511,52.545948
"260",2747,2747,"OSTENDSTR. / SLABYSTR.",1,13.5327217,52.4571434
"261",2748,2748,"OSTPREUßENDAMM",1,13.3152727,52.4246599
"262",2749,2749,"OSTSEESTR.",3,13.4373466,52.5485153
"263",2750,2750,"OSTSEESTR. / PRENZLAUER ALLEE / PRENZLAUER PROMENADE / WISBYER STR.",5,13.4302573,52.5509686
"264",2751,2751,"OSTSEESTR. / SÜLTSTR.",1,13.4373466,52.5485153
"265",2752,2752,"OTAWISTR.",2,13.3394786,52.5541653
"266",2753,2753,"OTTO-BRAUN-STR.",2,13.4192206,52.5243536
"267",2754,2754,"OTTO-BRAUN-STR. / ALEXANDERSTR. / KARL-MARX-ALLEE",10,13.4165463,52.5221365
"268",2755,2755,"OTTO-BRAUN-STR. / AM FRIEDRICHSHAIN / GREIFSWALDER STR. / PRENZLAUER BERG / PLAT",2,13.4236653,52.5271842
"269",2756,2756,"OTTO-BRAUN-STR. / MENDELSSOHNSTR.",1,13.4211088,52.5264324
"270",2757,2757,"OTTO-BRAUN-STR. / MOLLSTR.",10,13.419596,52.5251556
"271",2758,2758,"OTTO-BRAUN-STR. / THEANOLTE-BÄHNISCH-STR.",3,13.4176863,52.523753
"272",2759,2759,"OTTO-OSTROWSKI-STR. / ZUR MARKTFLAGGE / THAERSTR.",1,13.4565354,52.5232624
"273",2760,2760,"OTTO-ROSENBERG-STR. / BITTERFELDER STR. / WOLFENER STR.",3,13.5450292,52.5535082
"274",2761,2761,"OTTOSTR.",1,13.3352297,52.5257246
"275",2762,2762,"OTTOSTR. / ZWINGLISTR.",1,13.3351433,52.5254457
"276",2763,2763,"OTTO-SUHR-ALLEE",3,13.3104589,52.5162592
"277",2764,2764,"OTTO-SUHR-ALLEE / ERNST-REUTER-PLATZ",1,13.3216843,52.5131885
"278",2765,2765,"OTTO-SUHR-ALLEE / RICHARD-WAGNER-STR. / WINTERSTEINSTR. / RICHARD-WAGNER-PLATZ",3,13.3066035,52.5171812
"279",2766,2766,"OTTO-WELS-RING",1,13.4522585,52.4331114
"280",2767,2767,"OUDENARDER STR.",1,13.3630973,52.5534818
"281",2768,2768,"OUDENARDER STR. / REINICKENDORFER STR.",1,13.366221,52.5534863
"282",2769,2769,"PABLO-NERUDA-STR.",2,13.5900412,52.4411259
"283",2770,2770,"PABLO-PICASSO-STR. / SEEHAUSENER STR.",1,13.5225406,52.5607836
"284",2771,2771,"PALLASSTR.",1,13.3572967,52.4944974
"285",2772,2772,"PALMZEILE / SPANISCHE ALLEE",1,13.2093292,52.4340256
"286",2773,2773,"PANKOWER ALLEE",1,13.3713698,52.5641234
"287",2774,2774,"PANKSTR.",12,13.3758236,52.5486978
"288",2775,2775,"PANKSTR. / WIESENSTR.",1,13.3738194,52.547642
"289",2776,2776,"PANNIERSTR.",3,13.4323862,52.4883072
"290",2777,2777,"PANNIERSTR. / SONNENALLEE",5,13.4301916,52.4860417
"291",2778,2778,"PAPPELALLEE",4,13.4160514,52.5444819
"292",2779,2779,"PAPPELALLEE / STARGARDER STR.",2,13.4182347,52.5465216
"293",2780,2780,"PARCHWITZER STR.",1,13.5749067,52.3942684
"294",2781,2781,"PARISER STR.",1,13.3235443,52.4971535
"295",2782,2782,"PARISER STR. / ROEDERNSTR. / WIELANDSTR.",1,13.5927742,52.4846024
"296",2783,2783,"PARISER STR. / SÄCHSISCHE STR.",2,13.3187127,52.4981814
"297",2784,2784,"PARISER STR. / WÜRTTEMBERGISCHE STR. / OLIVAER PLATZ",2,13.3146193,52.4993054
"298",2785,2785,"PARKSTR. / BERLINER ALLEE",1,13.4544162,52.5491285
"299",2786,2786,"PASEDAGPLATZ",1,13.4603396,52.5601098
"300",2787,2787,"PASEWALKER STR.",2,13.4295355,52.5865695
"301",2788,2788,"PASSAUER STR. / TAUENTZIENSTR.",1,13.3406645,52.5025
"302",2789,2789,"PASSENHEIMER STR. / JESSE-OWENS-ALLEE",2,13.2313055,52.5099845
"303",2790,2790,"PATSCHKAUER WEG / UNTER DEN EICHEN",1,13.2980222,52.447367
"304",2791,2791,"PAUL-JUNIUS-STR. / WEIßENSEER WEG",1,13.4787007,52.5285412
"305",2792,2792,"PAUL-LINCKE-UFER",1,13.4293505,52.4936619
"306",2793,2793,"PAUL-LÖBE-ALLEE / OSTUMFAHRUNG",2,13.3735158,52.5194052
"307",2794,2794,"PAULSBORNER STR. / WESTFÄLISCHE STR.",1,13.3008519,52.4947952
"308",2795,2795,"PAUL-SCHMIDT-STR. / TANKREDSTR.",1,13.3706702,52.454556
"309",2796,2796,"PAUL-SCHNEIDER-STR.",1,13.3492742,52.4346068
"310",2797,2797,"PAULSENSTR.",1,13.314055,52.465258
"311",2798,2798,"PAULSTERNSTR.",1,13.2475051,52.5411194
"312",2799,2799,"PAULSTR.",1,13.3559526,52.5199319
"313",2800,2800,"PÄWESINER WEG",1,13.1794873,52.5302039
"314",2801,2801,"PEKRUNSTR. / SCHEIBENBERGSTR.",1,13.555004,52.5376031
"315",2802,2802,"PERLEBERGER STR.",4,13.3517927,52.5331558
"316",2803,2803,"PERLEBERGER STR. / ELLEN-EPSTEIN-STR.",1,13.3567879,52.5356475
"317",2804,2804,"PERLEBERGER STR. / RATHENOWER STR. / STENDALER STR.",2,13.3505519,52.5324408
"318",2805,2805,"PERLEBERGER STR. / STEPHANSTR.",1,13.3545482,52.5345096
"319",2806,2806,"PESTALOZZISTR.",3,13.3082426,52.5079024
"320",2807,2807,"PESTALOZZISTR. / STEIFENSANDSTR. / SUAREZSTR.",1,13.2958164,52.5080918
"321",2808,2808,"PETERSBURGER STR.",3,13.4509692,52.521225
"322",2809,2809,"PETER-STRASSER-WEG / TEMPELHOFER DAMM",1,13.3856576,52.4762754
"323",2810,2810,"PETTENKOFERSTR.",2,13.471842,52.5170883
"324",2811,2811,"PFALZBURGER STR.",2,13.3219633,52.4942205
"325",2812,2812,"PFARRWÖHRDE / RUDOWER STR.",1,13.5299061,52.4224609
"326",2813,2813,"PFEDDERSHEIMER WEG",1,13.2090957,52.427197
"327",2814,2814,"PFUELSTR. / KÖPENICKER STR.",1,13.4401483,52.5020277
"328",2815,2815,"PICHELSDORFER STR.",1,13.1978254,52.5203549
"329",2816,2816,"PICHELSDORFER STR. / WEIßENBURGER STR.",1,13.1976993,52.5228424
"330",2817,2817,"PICHELSWERDERSTR. / RUHLEBENER STR. / SCHULENBURGSTR.",1,13.2115852,52.5274166
"331",2818,2818,"PIESKOWER WEG",1,13.4436519,52.5410113
"332",2819,2819,"PIESKOWER WEG / STORKOWER STR.",2,13.440371,52.5406075
"333",2820,2820,"PIESPORTER STR. / DARßER STR.",2,13.4770664,52.5669606
"334",2821,2821,"PIETSCHKERSTR. / STAUDENWEG / STERNDAMM",2,13.5079412,52.4504138
"335",2822,2822,"PINTSCHALLEE",1,13.4451641,52.4559574
"336",2823,2823,"PISTORIUSSTR. / ROELCKESTR.",1,13.4452643,52.553885
"337",2824,2824,"PISTORIUSSTR. / WOELCKPROMENADE",1,13.4528886,52.551822
"338",2825,2825,"PLANCKSTR.",1,13.3899235,52.5206139
"339",2826,2826,"PLANTAGENSTR. / REINICKENDORFER STR.",1,13.3694158,52.5461867
"340",2827,2827,"PLATANENSTR. / WALDSTR.",1,13.398053,52.5848767
"341",2828,2828,"PLATZ DER VEREINTEN NATIONEN",1,13.4301199,52.5231176
"342",2829,2829,"PLATZ DER VEREINTEN NATIONEN / PLATZ DER VEREINTEN NATIONEN",3,13.4301199,52.5231176
"343",2830,2830,"PLATZ DES 18. MÄRZ",1,13.3774926,52.5162747
"344",2831,2831,"PLESSER STR.",1,13.4520448,52.4890934
"345",2832,2832,"PLÖNZEILE",2,13.5253706,52.4608056
"346",2833,2833,"POELCHAUSTR.",1,13.5433389,52.533486
"347",2834,2834,"PÖHLBERGSTR. / BLUMBERGER DAMM",2,13.5666886,52.5348599
"348",2835,2835,"POHLSTR.",1,13.3649995,52.5006421
"349",2836,2836,"POLIERWEG / SCHLOSSERWEG",1,13.4403372,52.4335599
"350",2837,2837,"PÖLNITZWEG / RÖBELLWEG",1,13.4965602,52.6413978
"351",2838,2838,"POPITZWEG",3,13.2756937,52.5369597
"352",2839,2839,"POTSDAMER CHAUSSEE",3,13.1351758,52.4849739
"353",2840,2840,"POTSDAMER CHAUSSEE / AM LANDSCHAFTSPARK GATOW",1,13.1261886,52.478589
"354",2841,2841,"POTSDAMER CHAUSSEE / HOHENTWIELSTEIG",1,13.2403339,52.4332528
"355",2842,2842,"POTSDAMER CHAUSSEE / STAHNSDORFER DAMM",1,13.1772799,52.4195216
"356",2843,2843,"POTSDAMER CHAUSSEE / WASGENSTEIG / WASGENSTR.",1,13.2147208,52.4274461
"357",2844,2844,"POTSDAMER PLATZ",1,13.3759441,52.5096488
"358",2845,2845,"POTSDAMER STR.",13,13.3642442,52.5014261
"359",2846,2846,"POTSDAMER STR. / POTSDAMER PLATZ",1,13.3755385,52.5095244
"360",2847,2847,"POTSDAMER STR. / REICHPIETSCHUFER / POTSDAMER BRÜCKE",4,13.3686315,52.506267
"361",2848,2848,"POTSDAMER STR. / SCHAROUNSTR.",1,13.3696289,52.5085185
"362",2849,2849,"POTSDAMER STR. / SIGISMUNDSTR.",2,13.3688693,52.5072674
"363",2850,2850,"POTSDAMER STR. / TELTOWER DAMM",1,13.259971,52.4350711
"364",2851,2851,"PRAGER PLATZ",1,13.332569,52.4931775
"365",2852,2852,"PRAGER STR.",1,13.3340207,52.4943758
"366",2853,2853,"PRELLERWEG / SEMBRITZKISTR. / INSULANERPARK",1,13.3594487,52.4631114
"367",2854,2854,"PRENZLAUER ALLEE",11,13.44009,52.54114
"368",2855,2855,"PRENZLAUER PROMENADE",2,13.4277608,52.5676549
"369",2856,2856,"PRENZLAUER PROMENADE / TRESKOWSTR.",1,13.4277901,52.561966
"370",2857,2857,"PREROWER PLATZ",3,13.5055166,52.5654166
"371",2858,2858,"PRESSELSTR. / STEGLITZER DAMM",1,13.3404381,52.4507651
"372",2859,2859,"PRETTAUER PFAD / WISMARER STR.",1,13.300683,52.4208158
"373",2860,2860,"PRINZENALLEE",6,13.384598,52.5562504
"374",2861,2861,"PRINZENALLEE / SOLDINER STR.",4,13.3862409,52.558656
"375",2862,2862,"PRINZENSTR.",9,13.4085534,52.5008791
"376",2863,2863,"PRINZENSTR. / MORITZPLATZ",4,13.410454,52.5034734
"377",2864,2864,"PRINZENSTR. / RITTERSTR.",1,13.4088447,52.5015064
"378",2865,2865,"PRINZENSTR. / SEBASTIANSTR. / HEINRICH-HEINE-STR.",1,13.4117257,52.5049126
"379",2866,2866,"PRINZENSTR. / WASSERTORSTR.",2,13.4078663,52.4999966
"380",2867,2867,"PRINZ-EUGEN-STR.",1,13.3647888,52.5476881
"381",2868,2868,"PRINZ-EUGEN-STR. / SCHULSTR.",1,13.3630621,52.5487773
"382",2869,2869,"PRINZREGENTENSTR.",3,13.3331929,52.4849397
"383",2870,2870,"PRINZREGENTENSTR. / WAGHÄUSELER STR.",1,13.333225,52.4839417
"384",2871,2871,"PRITSTABELSTR. / WENDENSCHLOßSTR.",1,13.5837699,52.4311275
"385",2872,2872,"PROMENADENSTR.",1,13.3242084,52.4326215
"386",2873,2873,"PROSKAUER STR.",3,13.463119,52.519858
"387",2874,2874,"PROVINZSTR.",1,13.3788101,52.5675411
"388",2875,2875,"PÜCKLERSTR. / KÖPENICKER STR.",1,13.4333838,52.5051531
"389",2876,2876,"PÜCKLERSTR. / RHEINBABENALLEE / PLATZ AM WILDEN EBER",2,13.2891454,52.470621
"390",2877,2877,"PÜCKLERSTR. / WRANGELSTR.",1,13.2796218,52.4687108
"391",2878,2878,"PUSCHKINALLEE",4,13.4630782,52.4917239
"392",2879,2879,"PUSCHKINALLEE / EICHENSTR.",2,13.4531392,52.4947271
"393",2880,2880,"PUTTKAMERSTR. / FRIEDRICHSTR.",1,13.3908639,52.5045318
"394",2881,2881,"PYRAMIDENRING / RHINSTR.",1,13.5190885,52.5328362
"395",2882,2882,"QUARZWEG",1,13.4135652,52.424486
"396",2883,2883,"QUEDLINBURGER STR. / SCHÖNBURGER STR. / OSCHATZER RING",1,13.6167473,52.5407595
"397",2884,2884,"QUEDLINBURGER STR. / SÖMMERINGSTR.",1,13.3107174,52.5232413
"398",2885,2885,"QUICKBORNER STR.",2,13.3630576,52.6073538
"399",2886,2886,"QUITZOWSTR.",2,13.3571555,52.5357041
"400",2887,2887,"RAABESTR. / WINSSTR.",1,13.4231637,52.531544
"401",2888,2888,"RABENSTEINER STR. / GOLLINER STR. / HAVEMANNSTR.",1,13.5785839,52.5661693
"402",2889,2889,"RADELANDSTR.",2,13.1758116,52.5598698
"403",2890,2890,"RAHEL-VARNHAGEN-PROMENADE",1,13.3898157,52.5017565
"404",2891,2891,"RAHNSDORFER STR.",2,13.6210826,52.4953092
"405",2892,2892,"RAMLERSTR. / BRUNNENSTR.",1,13.3892431,52.5471283
"406",2893,2893,"RANDOWSTR. / WELSESTR.",1,13.5281533,52.5677271
"407",2894,2894,"RAOUL-WALLENBERG-STR.",1,13.5566187,52.5485542
"408",2895,2895,"RATHAUSPROMENADE",1,13.329673,52.587363
"409",2896,2896,"RATHAUSSTR.",6,13.4086591,52.5188442
"410",2897,2897,"RATHAUSSTR. / REULESTR.",1,13.379205,52.4472571
"411",2898,2898,"RATHAUSSTR. / RINGSTR.",1,13.3813023,52.4408916
"412",2899,2899,"RATHENOWER STR.",1,13.3531614,52.529411
"413",2900,2900,"RATHENOWER STR. / SEYDLITZSTR.",2,13.3563867,52.5255435
"414",2901,2901,"RAUCHSTR.",2,13.3485841,52.5086513
"415",2902,2902,"RAUCHSTR. / STÜLERSTR.",1,13.3485841,52.5086513
"416",2903,2903,"RAUMERSTR.",2,13.4202212,52.5420778
"417",2904,2904,"RAVENÉSTR. / REINICKENDORFER STR.",1,13.3698562,52.5428734
"418",2905,2905,"REBHUHNWEG",1,13.5571595,52.5431404
"419",2906,2906,"REGATTASTR.",1,13.5810033,52.4169547
"420",2907,2907,"REGENSBURGER STR.",1,13.3364482,52.4959572
"421",2908,2908,"REGINHARDSTR.",5,13.3732249,52.565473
"422",2909,2909,"REGINHARDSTR. / RESIDENZSTR.",1,13.3699402,52.5597886
"423",2910,2910,"REICHARTSTR.",1,13.3660426,52.4723183
"424",2911,2911,"REICHENBERGER STR.",3,13.427781,52.4963027
"425",2912,2912,"REICHPIETSCHUFER / GEORGE-C.-MARSHALL-BRÜCKE / TUNNEL TIERGARTEN SPREEBOGEN / T",1,13.3720847,52.505106
"426",2913,2913,"REICHPIETSCHUFER / HIROSHIMASTR.",1,13.3576134,52.5070326
"427",2914,2914,"REICHPIETSCHUFER / STAUFFENBERGSTR. / BENDLERBRÜCKE",2,13.3643049,52.5061209
"428",2915,2915,"REICHSSTR.",4,13.2604527,52.5166277
"429",2916,2916,"REICHSSTR. / SPANDAUER DAMM",2,13.2494409,52.5239497
"430",2917,2917,"REICHSSTR. / STEUBENPLATZ",2,13.2606322,52.5162396
"431",2918,2918,"REICHSTAGUFER",1,13.3838099,52.5196721
"432",2919,2919,"REICHSTAGUFER / WILHELMSTR. / MARSCHALLBRÜCKE (SPREE)",1,13.3802937,52.5189042
"433",2920,2920,"REICHWEINDAMM / HECKERDAMM",2,13.3020228,52.5394979
"434",2921,2921,"REINBECKSTR. / WILHELMINENHOFSTR.",1,13.519246,52.4612573
"435",2922,2922,"REINHARDTSTR.",4,13.3821331,52.5230021
"436",2923,2923,"REINHARDTSTR. / LUISENSTR.",2,13.379641,52.5225863
"437",2924,2924,"REINHARDTSTR. / REINHARDTSTR.",1,13.3821331,52.5230021
"438",2925,2925,"REINICKENDORFER STR.",1,13.3690186,52.5484844
"439",2926,2926,"REINICKENDORFER STR. / REINICKENDORFER STR.",1,13.3690186,52.5484844
"440",2927,2927,"REINICKENDORFER STR. / SCHULSTR.",1,13.3673163,52.5514551
"441",2928,2928,"REMBRANDTSTR. / SUDERMANNSTR.",1,13.6256795,52.515581
"442",2929,2929,"RENNBAHNSTR. / ROELCKESTR.",3,13.4571343,52.5609979
"443",2930,2930,"RESIDENZSTR.",9,13.3634222,52.5656831
"444",2931,2931,"RESIDENZSTR. / RITTERLANDWEG",1,13.3689349,52.5605571
"445",2932,2932,"RESIDENZSTR. / SIMMELSTR.",2,13.3636851,52.5651688
"446",2933,2933,"RETZDORFFPROMENADE / RHEINGAUSTR.",1,13.3214605,52.4680637
"447",2934,2934,"REUTERSTR.",1,13.428873,52.484282
"448",2935,2935,"REUTERSTR. / SONNENALLEE",1,13.4289273,52.4866433
"449",2936,2936,"REUTERSTR. / WESERSTR.",2,13.428996,52.4883303
"450",2937,2937,"REVALER STR.",4,13.456961,52.5072343
"451",2938,2938,"REVALER STR. / MODERSOHNSTR.",4,13.4588175,52.5065737
"452",2939,2939,"REVALER STR. / WARSCHAUER STR.",3,13.4510318,52.5085578
"453",2940,2940,"REX-WAITE-STR. / AM LANDSCHAFTSPARK GATOW",1,13.1279363,52.4746876
"454",2941,2941,"RHEINBABENALLEE",1,13.2852516,52.4737176
"455",2942,2942,"RHEINGAUSTR.",1,13.3214978,52.4701974
"456",2943,2943,"RHEINGAUSTR. / SÜDWESTKORSO",1,13.3214481,52.4729839
"457",2944,2944,"RHEINGAUSTR. / WILHELMSHÖHER STR. / LIANE-BERKOWITZ-PLATZ",1,13.3215363,52.4725519
"458",2945,2945,"RHEINSBERGER STR. / SCHWEDTER STR.",1,13.4049829,52.5391949
"459",2946,2946,"RHEINSTR.",7,13.330896,52.4673907
"460",2947,2947,"RHEINSTR. / SAARSTR. / SCHMILJANSTR.",4,13.332624,52.4689009
"461",2948,2948,"RHINOWER STR.",1,13.4098139,52.5480346
"462",2949,2949,"RHINSTR.",3,13.5168566,52.5290632
"463",2950,2950,"RIBBECKER STR. / RUMMELSBURGER STR. / VOLKRADSTR.",1,13.5100967,52.5034715
"464",2951,2951,"RIBNITZER STR.",2,13.4963765,52.5694931
"465",2952,2952,"RIBNITZER STR. / BARTHER STR.",1,13.4928273,52.5669011
"466",2953,2953,"RICHARD-ERMISCH-STR. / ELDENAER STR. / LIEBIGSTR.",1,13.4587791,52.5205388
"467",2954,2954,"RICHARD-KOLKWITZ-WEG / URSULA-GOETZE-STR.",1,13.5317125,52.4940944
"468",2955,2955,"RICHARD-SORGE-STR.",1,13.4466022,52.5213551
"469",2956,2956,"RICHARD-SORGE-STR. / LANDSBERGER ALLEE",2,13.4438544,52.5251684
"470",2957,2957,"RICHARDSTR.",3,13.4435097,52.4757363
"471",2958,2958,"RICHARDSTR. / RICHARDPLATZ",1,13.4452878,52.4739311
"472",2959,2959,"RICHARD-TAUBER-DAMM",2,13.3927429,52.4162956
"473",2960,2960,"RICHARD-WAGNER-STR.",1,13.3069794,52.5146821
"474",2961,2961,"RICHARD-WAGNER-STR. / THRASOLTSTR.",1,13.3067511,52.5148501
"475",2962,2962,"RIDBACHER STR. / HEINRICH-GRÜBER-STR.",2,13.5931761,52.515535
"476",2963,2963,"RIDBACHER STR. / SLABYSTR.",1,13.6060552,52.5209318
"477",2964,2964,"RIEMEISTERSTR. / SPRUNGSCHANZENWEG",1,13.2511945,52.4533236
"478",2965,2965,"RIEMEISTERSTR. / WILSKISTR.",1,13.2550607,52.4497659
"479",2966,2966,"RIEMENSCHNEIDERWEG / GRAZER PLATZ",1,13.3494153,52.4677295
"480",2967,2967,"RIESAER STR.",3,13.6147592,52.5321861
"481",2968,2968,"RIESAER STR. / HEIDENAUER STR.",1,13.6072205,52.5339367
"482",2969,2969,"RIESAER STR. / NOSSENER STR. / MARK-TWAIN-STR.",1,13.6095597,52.5332719
"483",2970,2970,"RIGAER STR.",5,13.4644612,52.5164987
"484",2971,2971,"RINGBAHNSTR.",3,13.3843566,52.4685983
"485",2972,2972,"RINGBAHNSTR. / TEMPELHOFER DAMM",1,13.3856904,52.46859
"486",2973,2973,"RINGENWALDER STR.",1,13.5801565,52.5496929
"487",2974,2974,"RINGENWALDER STR. / HOHENSAATENER STR.",1,13.5772864,52.5508118
"488",2975,2975,"RINGENWALDER STR. / LANDSBERGER ALLEE / LANDSBERGER ALLEE STRAßENBAHNHOF MARZ",1,13.4548457,52.5294155
"489",2976,2976,"RINGSLEBENSTR. / MOLLNERWEG",1,13.4435498,52.4176048
"490",2977,2977,"RINGSTR.",2,13.3720153,52.4445355
"491",2978,2978,"RINGSTR. / ALTES GASWERK MARIENDORF",1,13.3708477,52.4448598
"492",2979,2979,"RITTERFELDDAMM",1,13.1290876,52.4654617
"493",2980,2980,"RITTERFELDDAMM / SELBITZER STR.",1,13.1300617,52.4642287
"494",2981,2981,"RITTERSTR.",2,13.4059013,52.5027273
"495",2982,2982,"RITTERSTR. / ALTE JAKOBSTR.",4,13.3994365,52.5046243
"496",2983,2983,"RIXDORFER STR.",4,13.4020106,52.4466394
"497",2984,2984,"RIXDORFER STR. / SCHNELLERSTR.",2,13.5026199,52.4613698
"498",2985,2985,"ROBERT-UHRIG-STR. / ALT-FRIEDRICHSFELDE",1,13.5120651,52.5101955
"499",2986,2986,"RÖBLINGSTR.",2,13.362791,52.451277
"500",2987,2987,"ROCHOWSTR. / STRALAUER ALLEE",4,13.4581164,52.4995282
"501",2988,2988,"ROCHSTR.",3,13.4070997,52.5232578
"502",2989,2989,"RODENBERGSTR.",1,13.4178893,52.5506137
"503",2990,2990,"ROEDERNALLEE",4,13.3426783,52.584498
"504",2991,2991,"ROEDERNSTR.",1,13.4858032,52.5444683
"505",2992,2992,"ROELCKESTR.",1,13.444879,52.553973
"506",2993,2993,"ROELCKESTR. / SOONWALDSTR.",1,13.4561304,52.5601897
"507",2994,2994,"ROHRDAMM",2,13.2641193,52.5382693
"508",2995,2995,"ROHRDAMM / STRAßE AM SCHALTWERK",1,13.2625548,52.5413236
"509",2996,2996,"RÖLÄNDER STR.",1,13.480022,52.621563
"510",2997,2997,"ROMAIN-ROLLAND-STR.",2,13.4434481,52.5640828
"511",2998,2998,"ROMAIN-ROLLAND-STR. / ROTHENBACHSTR.",2,13.4434481,52.5640828
"512",2999,2999,"ROMAIN-ROLLAND-STR. / SLEIPNERSTR.",1,13.4434481,52.5640828
"513",3000,3000,"ROMAIN-ROLLAND-STR. / STRAßE 16",1,13.4444603,52.5652484
"514",3001,3001,"ROMAIN-ROLLAND-STR. / TINIUSSTR.",1,13.4434481,52.5640828
"515",3002,3002,"ROMAIN-ROLLAND-STR. / WISCHBERGEWEG",1,13.4434481,52.5640828
"516",3003,3003,"RÖMERWEG",2,13.5290184,52.4916741
"517",3004,3004,"RÖMERWEG / TRESKOWALLEE",3,13.5271135,52.492144
"518",3005,3005,"ROSA-LUXEMBURG-PLATZ",1,13.4116806,52.5265974
"519",3006,3006,"ROSA-LUXEMBURG-STR.",3,13.4105694,52.5252297
"520",3007,3007,"ROSEGGERSTR.",1,13.44613,52.4798574
"521",3008,3008,"ROSEGGERSTR. / SONNENALLEE",1,13.4452835,52.4792145
"522",3009,3009,"ROSEGGERSTR. / WILHELM-BUSCH-STR.",1,13.4440368,52.4783722
"523",3010,3010,"ROSENFELDER RING",1,13.5126596,52.5112064
"524",3011,3011,"ROSENHEIMER STR.",1,13.345186,52.4903198
"525",3012,3012,"ROSENTHALER STR.",6,13.4034977,52.5266393
"526",3013,3013,"ROSESTR.",1,13.4116806,52.5265974
"527",3014,3014,"ROTHENBACHSTR.",2,13.4334147,52.570643
"528",3015,3015,"ROTHENBURGSTR.",1,13.316574,52.4567988
"529",3016,3016,"ROTRAUDSTR. / CECILIENSTR.",2,13.5614237,52.5294174
"530",3017,3017,"RÜBELANDSTR. / THOMASSTR. / RÜBELANDPARK",1,13.4345456,52.4725896
"531",3018,3018,"RUBENSSTR.",4,13.3439739,52.4689378
"532",3019,3019,"RÜCKERTSTR. / SCHILLERSTR.",1,13.3034282,52.5098814
"533",3020,3020,"RÜDERSDORFER STR.",1,13.4411094,52.5131525
"534",3021,3021,"RÜDESHEIMER STR.",3,13.313647,52.4711818
"535",3022,3022,"RUDI-DUTSCHKE-STR.",1,13.3943828,52.5069497
"536",3023,3023,"RUDI-DUTSCHKE-STR. / MARKGRAFENSTR.",5,13.3943828,52.5069497
"537",3024,3024,"RÜDIGERSTR. / SCHOTTSTR.",1,13.495826,52.515952
"538",3025,3025,"RUDOLF-RÜHL-ALLEE",1,13.5557673,52.4652932
"539",3026,3026,"RUDOLF-RÜHL-ALLEE / AN DER WUHLHEIDE",2,13.5625599,52.4563667
"540",3027,3027,"RUDOLF-RÜHL-ALLEE / KÖPENICKER ALLEE / VERLÄNGERTE WALDOWALLEE",2,13.5481948,52.4738817
"541",3028,3028,"RUDOLF-RÜHL-ALLEE / KÖPENICKER STR. / KÖPENICKER-ALLEE-BRÜCKE",1,13.5533152,52.4696764
"542",3029,3029,"RUDOLF-SEIFFERT-STR.",2,13.4696017,52.5256114
"543",3030,3030,"RUDOLFSTR. / MODERSOHNSTR.",3,13.4570612,52.5029563
"544",3031,3031,"RUDOWER STR.",4,13.4662523,52.436034
"545",3032,3032,"RUDOWER STR. / JOHANNISTHALER CHAUSSEE",1,13.4690529,52.434406
"546",3033,3033,"RUDOWER STR. / STORCHENWEG",2,13.4660805,52.4361339
"547",3034,3034,"RÜGENER STR. / GLEIMSTR. / SWINEMÜNDER STR.",1,13.3953091,52.5460397
"548",3035,3035,"RUHEPLATZSTR. / SCHULSTR. / TURINER STR.",1,13.3616521,52.5478919
"549",3036,3036,"RUHLEBENER STR.",2,13.2092357,52.528148
"550",3037,3037,"RUHLEBENER STR. / TELTOWER STR.",2,13.2162814,52.5264127
"551",3038,3038,"RUHRSTR.",1,13.3091131,52.4908088
"552",3039,3039,"RUMMELSBURGER LANDSTR.",3,13.5072089,52.475366
"553",3040,3040,"RUMMELSBURGER STR.",1,13.5039629,52.5023484
"554",3041,3041,"RUMMELSBURGER STR. / ROBERT-UHRIG-STR.",1,13.5113301,52.5042579
"555",3042,3042,"RUMMELSBURGER STR. / RUMMELSBURGER STR.",1,13.5123169,52.4708144
"556",3043,3043,"RUPPINER-SEE-STR. / GLINDOWSEESTR.",1,13.2297016,52.5578323
"557",3044,3044,"RUSCHESTR.",2,13.4856702,52.5179698
"558",3045,3045,"RYKESTR. / WÖRTHER STR.",1,13.420247,52.536075
"559",3046,3046,"SAALESTR. / SONNENALLEE",3,13.4558836,52.4738835
"560",3047,3047,"SAALESTR. / UNSTRUTSTR.",1,13.4481008,52.4704837
"561",3048,3048,"SAALESTR. / WIPPERSTR.",1,13.4432884,52.4698965
"562",3049,3049,"SAARBRÜCKER STR.",1,13.4149203,52.5301247
"563",3050,3050,"SAARBRÜCKER STR. / STRAßBURGER STR.",1,13.4142168,52.5304059
"564",3051,3051,"SAARGEMÜNDER STR.",2,13.2748595,52.4506717
"565",3052,3052,"SAARSTR.",1,13.334834,52.4681379
"566",3053,3053,"SAATWINKLER DAMM",6,13.2828615,52.5484121
"567",3054,3054,"SAATWINKLER DAMM / ADAM-VON-TROTT-STR.",1,13.3089531,52.5478243
"568",3055,3055,"SACHSENDAMM",2,13.3616066,52.4747445
"569",3056,3056,"SACHSENDAMM / A 100 BAB / HEDWIG-DOHM-STR. / 100 AS ALBOINSTR. (WESTL.), EINF V",1,13.3616066,52.4747445
"570",3057,3057,"SACHSENDAMM / A 103 BAB ABZWEIG ZEHLENDORF / FRIEDRICH-GERLACH-BRÜCKE / UNBEN.",1,13.3553697,52.4779381
"571",3058,3058,"SACHSENDAMM / BALLONFAHRERWEG / FRIEDRICH-HAAK-BRÜCKE",2,13.3207896,52.5976294
"572",3059,3059,"SACHSENDAMM / TEMPELHOFER WEG / WERDAUER WEG",5,13.3540294,52.4789986
"573",3060,3060,"SÄCHSISCHE STR.",4,13.3177409,52.4945712
"574",3061,3061,"SACHTLEBENSTR.",1,13.2516328,52.4127321
"575",3062,3062,"SAKROWER LANDSTR.",2,13.129782,52.4491327
"576",3063,3063,"SALLGASTER STR.",1,13.342285,52.593494
"577",3064,3064,"SALVADOR-ALLENDE-STR.",3,13.593656,52.4462285
"578",3065,3065,"SALVADOR-ALLENDE-STR. / ANEMONENSTR.",1,13.5935215,52.4434891
"579",3066,3066,"SALVADOR-ALLENDE-STR. / BELLEVUESTR. / FÜRSTENWALDER DAMM",2,13.5933335,52.4531793
"580",3067,3067,"SALVADOR-ALLENDE-STR. / FRIEDRICHSHAGENER STR.",3,13.5931677,52.4516313
"581",3068,3068,"SALVADOR-ALLENDE-STR. / WENDENSCHLOßSTR.",1,13.5937058,52.4474844
"582",3069,3069,"SALZUFER",2,13.3262345,52.5169213
"583",3070,3070,"SALZUFER / STRAßE DES 17. JUNI / CHARLOTTENBURGER BRÜCKE",2,13.3316483,52.5131658
"584",3071,3071,"SANDKRUGBRÜCKE / INVALIDENSTR.",1,13.3739184,52.5279069
"585",3072,3072,"SANDSTR.",2,13.1688417,52.5175259
"586",3073,3073,"SÄNTISSTR.",1,13.3918606,52.4209953
"587",3074,3074,"SARRAZINSTR.",1,13.3305828,52.4744027
"588",3075,3075,"SAVIGNYPLATZ",1,13.3217721,52.5059712
"589",3076,3076,"SCHADOWSTR. / UNTER DEN LINDEN",1,13.383984,52.5165609
"590",3077,3077,"SCHAFFHAUSENER STR.",2,13.413401,52.463073
"591",3078,3078,"SCHAPERSTR.",1,13.3309219,52.4995459
"592",3079,3079,"SCHARFE LANKE",1,13.1929178,52.5082081
"593",3080,3080,"SCHARNHORSTSTR.",2,13.3723172,52.5322153
"594",3081,3081,"SCHARNHORSTSTR. / HABERSAATHSTR.",1,13.3739775,52.5305272
"595",3082,3082,"SCHARNWEBERSTR.",1,13.4687345,52.5125297
"596",3083,3083,"SCHEFFELSTR.",1,13.4761536,52.5203471
"597",3084,3084,"SCHEFFELSTR. / PAUL-JUNIUS-STR.",2,13.4734252,52.5205795
"598",3085,3085,"SCHEIDEMANNSTR.",1,13.3716806,52.5177795
"599",3086,3086,"SCHEIDEMANNSTR. / DOROTHEENSTR. / EBERTSTR. / FRIEDRICH-EBERT-PLATZ",1,13.3769679,52.5177858
"600",3087,3087,"SCHERINGSTR.",1,13.3815946,52.5414598
"601",3088,3088,"SCHERINGSTR. / GARTENSTR. / LIESENSTR.",7,13.3815946,52.5414598
"602",3089,3089,"SCHICHAUWEG",1,13.3895134,52.3985614
"603",3090,3090,"SCHIFFBAUERDAMM",2,13.3830224,52.5201375
"604",3091,3091,"SCHILDHORNSTR.",1,13.3170938,52.4641194
"605",3092,3092,"SCHILDOWER STR.",2,13.3191575,52.6223334
"606",3093,3093,"SCHILLERPROMENADE / WILHELMINENHOFSTR.",1,13.5169329,52.4617789
"607",3094,3094,"SCHILLERSTR.",3,13.3104503,52.5103495
"608",3095,3095,"SCHILLERSTR. / WILMERSDORFER STR.",1,13.3056866,52.5099626
"609",3096,3096,"SCHILLSTR. / WICHMANNSTR. / LÜTZOWPLATZ",2,13.3509462,52.5043521
"610",3097,3097,"SCHINKELPLATZ / AM ZEUGHAUS / UNTER DEN LINDEN / SCHLOßBRÜCKE",1,13.3985147,52.5176509
"611",3098,3098,"SCHIVELBEINER STR.",5,13.4088208,52.5511003
"612",3099,3099,"SCHLEGELSTR.",1,13.3866352,52.5301257
"613",3100,3100,"SCHLESISCHE STR.",6,13.4457222,52.4990987
"614",3101,3101,"SCHLESISCHE STR. / TABORSTR.",1,13.4472723,52.4982244
"615",3102,3102,"SCHLICHTALLEE / ZOBTENER STR.",1,13.4828034,52.5002028
"616",3103,3103,"SCHLOßALLEE",1,13.4290959,52.5859281
"617",3104,3104,"SCHLOßPLATZ",2,13.3999921,52.5174554
"618",3105,3105,"SCHLOßPLATZ / BREITE STR.",1,13.4026313,52.5163522
"619",3106,3106,"SCHLOßPLATZ / SCHLOßBRÜCKE / LUSTGARTEN",1,13.3985147,52.5176509
"620",3107,3107,"SCHLOßSTR.",7,13.3126777,52.4525833
"621",3108,3108,"SCHLÜTERSTR.",6,13.317644,52.506074
"622",3109,3109,"SCHMIDT-KNOBELSDORF-STR. / SEEBURGER STR. / SEEBURGER WEG / ULRIKENSTR. / LUTONE",1,NA,NA
"623",3110,3110,"SCHMILJANSTR.",1,13.3306902,52.4701589
"624",3111,3111,"SCHMÖCKWITZER DAMM",1,13.6509441,52.3583284
"625",3112,3112,"SCHMÖCKWITZER DAMM / WERNSDORFER STR.",1,13.6590377,52.3736143
"626",3113,3113,"SCHNEEBALLENWEG",1,13.48268,52.4339005
"627",3114,3114,"SCHNELLERSTR.",15,13.5127635,52.4556556
"628",3115,3115,"SCHONACHER STR. / ZABEL-KRÜGER-DAMM / SCHLUCHSEESTR.",1,13.3278828,52.6090209
"629",3116,3116,"SCHÖNEBERGER STR.",3,13.3781979,52.5025429
"630",3117,3117,"SCHÖNEBERGER UFER",2,13.3706544,52.5051976
"631",3118,3118,"SCHÖNEBERGER UFER / GEORGE-C.-MARSHALL-BRÜCKE",1,13.3716449,52.5047602
"632",3119,3119,"SCHÖNEFELDER CHAUSSEE",1,13.527144,52.4100999
"633",3120,3120,"SCHÖNEFELDER CHAUSSEE / SIRIUSSTR.",1,13.5221003,52.402447
"634",3121,3121,"SCHÖNEFELDER STR.",1,13.4996343,52.407297
"635",3122,3122,"SCHONENSCHE STR.",1,13.4194753,52.5541254
"636",3123,3123,"SCHÖNERLINDER STR. / A 114 BAB AUTOBAHNZUBRINGER PRENZLAU / 114 AS SCHÖNERLINDER",1,13.4373405,52.6314112
"637",3124,3124,"SCHÖNERLINDER WE",1,13.4744177,52.6229919
"638",3125,3125,"SCHÖNERLINDER WEG",2,13.4744177,52.6229919
"639",3126,3126,"SCHÖNEWALDER STR.",1,13.6190981,52.5325189
"640",3127,3127,"SCHÖNHAUSER ALLEE",27,13.4123762,52.5418811
"641",3128,3128,"SCHÖNHAUSER ALLEE / WICHERTSTR. / SCHIVELBEINER STR. (ENDE)",1,13.4126411,52.5505776
"642",3129,3129,"SCHÖNHAUSER STR.",3,13.4123762,52.5418811
"643",3130,3130,"SCHÖNHOLZER STR.",4,13.3980665,52.5380285
"644",3131,3131,"SCHÖNHORSTER STR.",2,13.6932304,52.4230366
"645",3132,3132,"SCHÖNOWER STR.",1,13.2582058,52.4290763
"646",3133,3133,"SCHÖNSTEDTSTR.",1,13.436441,52.482481
"647",3134,3134,"SCHÖNWALDER ALLEE",1,13.1810835,52.5770013
"648",3135,3135,"SCHÖNWALDER STR.",1,13.1989059,52.554081
"649",3136,3136,"SCHORFHEIDESTR.",2,13.5755551,52.570648
"650",3137,3137,"SCHORLEMERALLEE",1,13.3019076,52.4655059
"651",3138,3138,"SCHREINERSTR.",2,13.4666572,52.5171065
"652",3139,3139,"SCHULENBURGRING",1,13.3829043,52.4821489
"653",3140,3140,"SCHULSTR.",3,13.3665021,52.5510653
"654",3141,3141,"SCHULZE-BOYSEN-STR.",1,13.4809939,52.5097302
"655",3142,3142,"SCHULZENDORFER STR. / BRANDTSTR. / HEINSESTR.",1,13.3110627,52.6130731
"656",3143,3143,"SCHULZESTR.",2,13.3920238,52.5665157
"657",3144,3144,"SCHUMANNSTR.",2,13.380764,52.5237308
"658",3145,3145,"SCHUMANNSTR. / LUISENSTR.",2,13.3794808,52.5235082
"659",3146,3146,"SCHUSTEHRUSSTR.",2,13.3008565,52.5171275
"660",3147,3147,"SCHÜTZALLEE",1,13.2684356,52.4423294
"661",3148,3148,"SCHÜTZENSTR.",1,13.3940267,52.5088189
"662",3149,3149,"SCHÜTZENSTR. / STRAßE VOR SCHÖNHOLZ / HERMANN-HESSE-STR.",2,13.3836813,52.5727789
"663",3150,3150,"SCHWALBACHER STR.",1,13.3222315,52.4701913
"664",3151,3151,"SCHWARZWURZELSTR.",1,13.5572389,52.569121
"665",3152,3152,"SCHWEDENSTR.",2,13.3745416,52.5561978
"666",3153,3153,"SCHWEDTER STR.",1,13.4046333,52.5405571
"667",3154,3154,"SCHWENDYWEG",1,13.2050482,52.5603271
"668",3155,3155,"SEDANSTR.",1,13.3327468,52.4484159
"669",3156,3156,"SEDDINER STR.",1,13.5213671,52.5133401
"670",3157,3157,"SEEGEFELDER STR.",3,13.1839005,52.5382091
"671",3158,3158,"SEEGEFELDER WEG",1,13.1470543,52.5454806
"672",3159,3159,"SEEGEFELDER WEG / ALFONS-LOEWE-STR.",1,13.1335946,52.5489841
"673",3160,3160,"SEEGEFELDER WEG / HAMBURGER STR.",1,13.1316759,52.5494842
"674",3161,3161,"SEEGEFELDER WEG / KLOSTERBUSCHWEG / AM KIESTEICH",1,13.157844,52.543083
"675",3162,3162,"SEELENBINDERSTR.",1,13.5855262,52.4554341
"676",3163,3163,"SEELINGSTR. / SOPHIE-CHARLOTTEN-STR.",1,13.2877723,52.515171
"677",3164,3164,"SEESENER STR.",2,13.2967717,52.4923897
"678",3165,3165,"SEESTR.",7,13.3466344,52.5478559
"679",3166,3166,"SEESTR. / SYLTER STR.",2,13.3366044,52.5421688
"680",3167,3167,"SEESTR. / TURINER STR.",1,13.3549091,52.551784
"681",3168,3168,"SELBITZER STR.",1,13.1230248,52.4563955
"682",3169,3169,"SELCHOWSTR. / WASSERMANNSTR.",1,13.5514309,52.4400187
"683",3170,3170,"SEMBRITZKISTR.",1,13.3527063,52.4535331
"684",3171,3171,"SEMMELWEISSTR.",1,13.5312846,52.4236408
"685",3172,3172,"SEMMELWEISSTR. / WEGEDORNSTR.",1,13.5264426,52.4245884
"686",3173,3173,"SENEFELDERSTR. / STUBBENKAMMERSTR.",1,13.4230944,52.5422103
"687",3174,3174,"SENFTENBERGER RING",1,13.3577626,52.6011493
"688",3175,3175,"SENFTENBERGER RING / WILHELMSRUHER DAMM",1,13.3561532,52.5966871
"689",3176,3176,"SEWANSTR.",5,13.5097088,52.496585
"690",3177,3177,"SEWANSTR. / ONTARIOSEESTR.",1,13.5232664,52.4955838
"691",3178,3178,"SEWANSTR. / SEWANSTR.",1,13.5097088,52.496585
"692",3179,3179,"SEYDLITZSTR.",3,13.3605136,52.5268408
"693",3180,3180,"SEYDLITZSTR. / CLAIRE-WALDOFF-PROMENADE",1,13.3587025,52.5262708
"694",3181,3181,"SIBYLLENSTR.",1,13.3429306,52.4360192
"695",3182,3182,"SICKINGENSTR.",2,13.3212732,52.5316301
"696",3183,3183,"SIEGFRIEDSTR.",7,13.4995808,52.5231314
"697",3184,3184,"SIEGFRIEDSTR. / LIEBENWALDER STR. / LANDSBERGER ALLEE",1,13.4996492,52.5348292
"698",3185,3185,"SIEGLINDESTR.",1,13.3295067,52.4766621
"699",3186,3186,"SIEMENSSTR.",8,13.3337801,52.5329437
"700",3187,3187,"SILBERSTEINSTR.",3,13.4319623,52.4664417
"701",3188,3188,"SILBERWEIDENWEG / BORNITZSTR.",1,13.4922203,52.5205565
"702",3189,3189,"SILVIO-MEIER-STR. / FRANKFURTER ALLEE",2,13.462841,52.5148419
"703",3190,3190,"SIMPLONSTR.",1,13.4619595,52.5067597
"704",3191,3191,"SIMPLONSTR. / WÜHLISCHSTR.",1,13.4619595,52.5067597
"705",3192,3192,"SITZENDORFER STR. / BLUMBERGER DAMM",1,13.5756539,52.5581282
"706",3193,3193,"SKALITZER STR.",9,13.4281934,52.4993564
"707",3194,3194,"SKALITZER STR. / SPREEWALDPLATZ",1,13.4311356,52.4992187
"708",3195,3195,"SKALITZER STR. / ZEUGHOFSTR.",2,13.4331829,52.4996597
"709",3196,3196,"SMETANASTR. / BERLINER ALLEE",1,13.4584221,52.5498416
"710",3197,3197,"SOLDINER STR.",1,13.3854772,52.5589144
"711",3198,3198,"SOLMSSTR.",2,13.3927337,52.4919117
"712",3199,3199,"SOMMERSTR.",2,13.374344,52.574801
"713",3200,3200,"SONNENALLEE",30,13.4535813,52.4749501
"714",3201,3201,"SONNENALLEE / BAUMSCHULENSTR. / HEIDEKAMPWEG / SÜDOSTALLEE",3,13.4813635,52.46088
"715",3202,3202,"SONNENBURGER STR.",1,13.4075696,52.5477614
"716",3203,3203,"SOPHIE-CHARLOTTEN-STR.",3,13.286792,52.518816
"717",3204,3204,"SOPHIE-CHARLOTTEN-STR. / SPANDAUER DAMM",2,13.2866564,52.5188217
"718",3205,3205,"SOPHIENSTR.",1,13.4008612,52.5256474
"719",3206,3206,"SORAUER STR. / WRANGELSTR.",1,13.4392487,52.4997024
"720",3207,3207,"SPANDAUER DAMM",7,13.2718062,52.5196581
"721",3208,3208,"SPANDAUER DAMM / A 100 BAB / SPANDAUER-DAMM-BRÜCKE / 100 AS SPANDAUER DAMM",1,13.2813792,52.5256289
"722",3209,3209,"SPANDAUER DAMM / WIESENDAMM",3,13.2474903,52.524541
"723",3210,3210,"SPANDAUER-SEE-BRÜCKE / SPANDAUER HAVELPROMENADE / POHLESEESTR.",1,13.2241305,52.5554137
"724",3211,3211,"SPANDAUER STR.",2,13.4056037,52.5194548
"725",3212,3212,"SPANDAUER STR. / RATHAUSSTR.",3,13.40718,52.5183035
"726",3213,3213,"SPANISCHE ALLEE",2,13.2066452,52.4340521
"727",3214,3214,"SPANISCHE ALLEE / A 115 BAB AUTOBAHNZUBRINGER MAGDEBG/LEIPZ (AVUS) / SPANISCHE A",1,12.3730747,51.3396955
"728",3215,3215,"SPÄTHSFELDER WEG",1,13.4789836,52.4480014
"729",3216,3216,"SPÄTHSTR.",4,13.4526559,52.4528577
"730",3217,3217,"SPEKTEWEG",1,13.1801659,52.5425806
"731",3218,3218,"SPINDLERSFELDER STR. / GLIENICKER STR.",2,13.5621366,52.437241
"732",3219,3219,"SPITZMÜHLER STR. / PÖHLBERGSTR. / BLUMBERGER DAMM",1,13.5741615,52.5441616
"733",3220,3220,"SPLANEMANNSTR. / SEWANSTR. / ERIESEERING",1,13.5210631,52.495066
"734",3221,3221,"SPORTPROMENADE",1,13.6142624,52.4066625
"735",3222,3222,"SPREMBERGER STR.",1,13.4232168,52.4936705
"736",3223,3223,"SPRENGELSTR.",1,13.3547773,52.5417528
"737",3224,3224,"SREDZKISTR.",5,13.4119199,52.5382229
"738",3225,3225,"STAAKENER STR.",1,13.1737852,52.5358219
"739",3226,3226,"STADTHAUSSTR. / TÜRRSCHMIDTSTR.",1,13.48129,52.5025564
"740",3227,3227,"STAHNSDORFER DAMM",1,13.1751202,52.4184557
"741",3228,3228,"ST ALBRECHTSTR.",2,13.3841055,52.5227669
"742",3229,3229,"STARGARDER STR.",4,13.4201759,52.5456769
"743",3230,3230,"STAUFFENBERGSTR. / TIERGARTENSTR.",1,13.3643866,52.5099944
"744",3231,3231,"STEEGERSTR.",1,13.3955098,52.5613279
"745",3232,3232,"STEGLITZER DAMM",3,13.3482941,52.4498048
"746",3233,3233,"STEIFENSANDSTR.",1,13.294698,52.5084483
"747",3234,3234,"STEINHELLENWEG",1,13.3962151,52.4484928
"748",3235,3235,"STEINTRÄGERWEG / HEIDELÄUFERWEG / JOHANNISTHALER CHAUSSEE",1,13.4395077,52.4240986
"749",3236,3236,"STELLINGDAMM",1,13.5853568,52.4591328
"750",3237,3237,"STELZENWEG / JOHANNISTHALER CHAUSSEE",1,13.4760893,52.4404156
"751",3238,3238,"STENDALER STR.",3,13.603968,52.5417481
"752",3239,3239,"STEPHAN-BORN-STR. / KLAUSDORFER STR.",1,13.5945336,52.5469668
"753",3240,3240,"STERNDAMM",5,13.5057545,52.4458271
"754",3241,3241,"STERNDAMM / SÜDOSTALLEE",1,13.5085609,52.4525743
"755",3242,3242,"STERNDAMM / TRÜTZSCHLERSTR.",1,13.505682,52.445698
"756",3243,3243,"STOLLBERGER STR.",1,13.6045099,52.5323734
"757",3244,3244,"STOLZENFELSSTR. / TRESKOWALLEE",1,13.5253823,52.4816501
"758",3245,3245,"STORKOWER STR.",15,13.4571135,52.5312814
"759",3246,3246,"STORKOWER STR. / ALFRED-JUNG-STR.",1,13.4772311,52.5229625
"760",3247,3247,"STORKOWER STR. / LANDSBERGER ALLEE",3,13.45757,52.5290081
"761",3248,3248,"STORKOWER STR. / PAUL-JUNIUS-STR.",4,13.4734019,52.5229733
"762",3249,3249,"STR.",4,13.4024882,52.5196232
"763",3250,3250,"STRALAUER ALLEE",1,13.4559357,52.5001197
"764",3251,3251,"STRALAUER ALLEE / MODERSOHNSTR.",6,13.45542,52.5003887
"765",3252,3252,"STRALAUER ALLEE / WARSCHAUER PLATZ",2,13.4469403,52.5027502
"766",3253,3253,"STRALAUER PLATZ",1,13.4323795,52.5093419
"767",3254,3254,"STRALAUER STR. / WAISENSTR.",1,13.4145137,52.5158009
"768",3255,3255,"STRALSUNDER STR. / WATTSTR. / STRELITZER STR.",1,13.3919376,52.5389006
"769",3256,3256,"STRAßBURGER STR.",3,13.414567,52.5306846
"770",3257,3257,"STRAßE 45 / STRAßE 50",1,13.4776005,52.6009026
"771",3258,3258,"STRAßE 614",1,13.440295,52.4568939
"772",3259,3259,"STRAßE AM FLUGPLATZ",1,13.5100854,52.4334497
"773",3260,3260,"STRAßE DER PARISER KOMMUNE",2,13.4388501,52.5127099
"774",3261,3261,"STRAßE DER PARISER KOMMUNE / FRANZ-MEHRING-PLATZ",1,13.4387854,52.5126275
"775",3262,3262,"STRAßE DER PARISER KOMMUNE / KARL-MARX-ALLEE",17,13.4405185,52.5170817
"776",3263,3263,"STRAßE DER PARISER KOMMUNE / LANGE STR.",1,13.437497,52.5109795
"777",3264,3264,"STRAßE DER PARISER KOMMUNE / RÜDERSDORFER STR.",1,13.4397162,52.5139565
"778",3265,3265,"STRAßE DER PARISER KOMMUNE / WRIEZENER KARREE",1,13.4382124,52.5119339
"779",3266,3266,"STRAßE DES 17. JUNI",5,13.3492861,52.5141475
"780",3267,3267,"STRAßE DES 17. JUNI / BELLEVUEALLEE / KLEINER STERN",1,13.3492861,52.5141475
"781",3268,3268,"STRAßE DES 17. JUNI / ERNST-REUTER-PLATZ",2,13.3228842,52.5124038
"782",3269,3269,"STRAßE DES 17. JUNI / PLATZ DES 18. MÄRZ",1,13.3492861,52.5141475
"783",3270,3270,"STRAßE DES 17. JUNI / YITZHAK-RABIN-STR.",2,13.3698228,52.5157044
"784",3271,3271,"STRAßE VOR SCHÖNHOLZ",2,13.3802493,52.5749595
"785",3272,3272,"STRAßE ZUM FEZ / AN DER WUHLHEIDE",1,13.5544872,52.4558893
"786",3273,3273,"STRAßE ZUM LÖWEN",1,13.1605315,52.423964
"787",3274,3274,"STRAßMANNSTR.",2,13.4506269,52.5223746
"788",3275,3275,"STRAßMANNSTR. / PETERSBURGER STR.",2,13.4502513,52.5222806
"789",3276,3276,"STRAUSBERGER STR.",1,13.4275626,52.5186666
"790",3277,3277,"STRELITZER STR.",1,13.3942845,52.536381
"791",3278,3278,"STRESEMANNSTR.",4,13.3829633,52.5039216
"792",3279,3279,"STRESEMANNSTR. / POTSDAMER PLATZ",1,13.3773868,52.5083319
"793",3280,3280,"STREUSTR.",2,13.4419335,52.5503127
"794",3281,3281,"STROMSTR.",12,13.3432075,52.5274225
"795",3282,3282,"STROMSTR. / TURMSTR.",2,13.3430889,52.5263583
"796",3283,3283,"STUBENRAUCHSTR.",2,13.324143,52.4730299
"797",3284,3284,"SUAREZSTR.",1,13.2949335,52.5066491
"798",3285,3285,"SUAREZSTR. / AMTSGERICHTSPLATZ",1,13.2947265,52.5064221
"799",3286,3286,"SUAREZSTR. / WINDSCHEIDSTR.",1,13.2972488,52.5106331
"800",3287,3287,"SÜDOSTALLEE",5,13.4948744,52.4580568
"801",3288,3288,"SÜDSTERN",1,13.4067062,52.4894499
"802",3289,3289,"SÜDWESTKORSO",3,13.319903,52.4719343
"803",3290,3290,"SUERMONDTSTR.",1,13.4942737,52.5506403
"804",3291,3291,"SÜLTSTR.",1,13.404954,52.5200066
"805",3292,3292,"SUNDGAUER STR.",1,13.272111,52.4376001
"806",3293,3293,"SÜßER GRUND / DÖRPFELDSTR. / GENOSSENSCHAFTSSTR.",1,13.5472031,52.4375831
"807",3294,3294,"SWINEMÜNDER STR.",1,13.3979618,52.5422309
"808",3295,3295,"SYBELSTR. / KRACAUERPLATZ",1,13.2964343,52.5018784
"809",3296,3296,"TAMARA-DANZ-STR. / MÜHLENSTR.",1,13.445423,52.5049863
"810",3297,3297,"TASDORFER STR.",1,13.4766571,52.5083748
"811",3298,3298,"TASSOSTR.",1,13.4530342,52.5501792
"812",3299,3299,"TAUENTZIENSTR.",5,13.3390358,52.5033612
"813",3300,3300,"TAUERNALLEE",2,13.4011101,52.425936
"814",3301,3301,"TAUTENBURGER STR.",1,13.3506337,52.4202391
"815",3302,3302,"TAYLORSTR.",1,13.2690116,52.4564658
"816",3303,3303,"TE ALBRECHTSTR.",2,NA,NA
"817",3304,3304,"TEGELER STR. / TRIFTSTR.",1,13.3561337,52.5432626
"818",3305,3305,"TEICHBERGSTR. / BUCHER CHAUSSEE",1,13.4870729,52.6174655
"819",3306,3306,"TELLSTR. / SONNENALLEE",2,13.4314995,52.4857374
"820",3307,3307,"TELTOWER DAMM",10,13.2646364,52.4197809
"821",3308,3308,"TELTOWER STR.",1,13.2171674,52.5260805
"822",3309,3309,"TEMPELHOFER DAMM",11,13.3855108,52.4692748
"823",3310,3310,"TEMPELHOFER DAMM / A 100 BAB / 100 AS TEMPELHOFER D AUSF N TEMPELHOFER D NORD /",1,13.401893,52.475391
"824",3311,3311,"TEMPELHOFER DAMM / A 100 BAB / 100 AS TEMPELHOFER D AUSF N TEMPELHOFER D SÜD / 1",1,13.401893,52.475391
"825",3312,3312,"TEMPELHOFER DAMM / PLATZ DER LUFTBRÜCKE",4,13.3858341,52.4832529
"826",3313,3313,"TEMPELHOFER DAMM / THUYRING",1,13.3856276,52.4748553
"827",3314,3314,"TEMPELHOFER DAMM / VIKTORIASTR.",1,13.3840505,52.4546617
"828",3315,3315,"TEMPELHOFER UFER",2,13.3839218,52.4986711
"829",3316,3316,"TEMPELHOFER UFER / TREBBINER STR.",1,13.3782351,52.4993422
"830",3317,3317,"TEMPELHOFER WEG",2,13.3587158,52.4776869
"831",3318,3318,"TEMPLINER STR. / ZIONSKIRCHSTR.",1,13.4086845,52.5326735
"832",3319,3319,"TENNSTEDTER STR.",1,13.3487211,52.4189603
"833",3320,3320,"TEPLITZER STR.",1,13.2809988,52.4794502
"834",3321,3321,"TESSENOWSTR.",2,13.333918,52.581384
"835",3322,3322,"TETEROWER RING",1,13.5851118,52.5223051
"836",3323,3323,"TEUFELSSEECHAUSSEE",1,13.2496137,52.4979128
"837",3324,3324,"TEUFELSSEESTR.",2,13.2561494,52.5068211
"838",3325,3325,"TEUPITZER STR.",1,13.4558537,52.4817042
"839",3326,3326,"TG ALT-MOABIT",6,13.3481921,52.5247215
"840",3327,3327,"THEATERGASSE / STOLZENFELSSTR.",1,13.5264244,52.4812523
"841",3328,3328,"THEODOR-HEUSS-PLATZ",2,13.2726228,52.5099407
"842",3329,3329,"THIELALLEE",1,13.2860023,52.4496478
"843",3330,3330,"THIEMANNSTR. / SONNENALLEE",1,13.4501925,52.4767913
"844",3331,3331,"THOMASIUSSTR.",1,13.3503958,52.5228675
"845",3332,3332,"THRASOLTSTR. / WILMERSDORFER STR.",1,13.3048353,52.5147529
"846",3333,3333,"THÜRNAGELSTR.",1,13.5825399,52.4574308
"847",3334,3334,"TIERGARTENSTR.",3,13.3613328,52.5098194
"848",3335,3335,"TIERGARTENSTR. / HERBERT-VON-KARAJAN-STR.",1,13.3687105,52.5107195
"849",3336,3336,"TIERGARTENSTR. / HIROSHIMASTR.",1,13.359124,52.5098839
"850",3337,3337,"TIERGARTENSTR. / KEMPERPLATZ / BEN-GURION-STR. / TUNNEL TIERGARTEN SPREEBOGEN /",1,13.3712593,52.5111455
"851",3338,3338,"TINO-SCHWIERZINA-STR.",1,13.4350795,52.5625516
"852",3339,3339,"TINO-SCHWIERZINA-STR. / STRAßE 49",1,13.435216,52.5628924
"853",3340,3340,"TIRSCHENREUTHER RING",2,13.3473997,52.410358
"854",3341,3341,"TOGOSTR.",1,13.3397517,52.5538396
"855",3342,3342,"TÖPCHINER WEG / KLOSTER-ZINNA-STR.",1,13.412711,52.4026668
"856",3343,3343,"TÖPCHINER WEG / WIESBADENER STR.",1,13.4109623,52.4001629
"857",3344,3344,"TORGAUER STR.",1,13.3582443,52.4801824
"858",3345,3345,"TORSTR.",10,13.4014033,52.5296044
"859",3346,3346,"TORSTR. / ALTE SCHÖNHAUSER STR. / SCHÖNHAUSER ALLEE / ROSA-LUXEMBURG-STR.",9,13.4094525,52.5285732
"860",3347,3347,"TORSTR. / KARL-LIEBKNECHT-STR. / MOLLSTR. / PRENZLAUER ALLEE",2,13.415647,52.5267732
"861",3348,3348,"TRAKEHNER ALLEE / FLATOWALLEE / JESSE-OWENS-ALLEE / COUBERTINPLATZ",2,13.2407224,52.5114178
"862",3349,3349,"TRANSVAALSTR.",2,13.3387168,52.5500411
"863",3350,3350,"TRAUTENAUER STR.",1,13.5124231,52.4819855
"864",3351,3351,"TRAUTENAUSTR.",2,13.3290629,52.4930564
"865",3352,3352,"TRELLEBORGER STR. / VINETASTR. / WESTERLANDSTR.",1,13.417935,52.5587803
"866",3353,3353,"TRELLEBORGER STR. / WISBYER STR.",1,13.4184292,52.5534622
"867",3354,3354,"TRENDELENBURGSTR.",1,13.2918043,52.5056837
"868",3355,3355,"TREPTOWER STR.",1,13.4521975,52.4811871
"869",3356,3356,"TRESKOWALLEE",2,13.5253149,52.4812647
"870",3357,3357,"TRIFTSTR.",3,13.4313849,52.612707
"871",3358,3358,"TRUSETALER STR. / MAX-HERRMANN-STR. / MEHROWER ALLEE",1,13.5655218,52.5538321
"872",3359,3359,"TUCHOLSKYSTR.",7,13.3931756,52.5255383
"873",3360,3360,"TURMSTR.",3,13.3419762,52.5263904
"874",3361,3361,"TURMSTR. / WILHELMSHAVENER STR.",1,13.3413475,52.5264101
"875",3362,3362,"U-BHF. SCHÖNHAUSER ALLEE / KOPENHAGENER STR. / SCHÖNHAUSER ALLEE",4,13.4157815,52.5494582
"876",3363,3363,"UFERPROMENADE",1,13.1174828,52.4668241
"877",3364,3364,"UHLANDSTR.",11,13.3239857,52.4957297
"878",3365,3365,"ULLSTEINSTR.",1,13.3921094,52.4529446
"879",3366,3366,"ULMENSTR.",1,13.1919341,52.5217199
"880",3367,3367,"UNGARNSTR. / LOUISE-SCHROEDER-PLATZ",1,13.365267,52.5580233
"881",3368,3368,"UNIVERSITÄTSSTR.",2,13.3915685,52.5190244
"882",3369,3369,"UNTER DEN EICHEN",7,13.2980222,52.447367
"883",3370,3370,"UNTER DEN LINDEN",5,13.3890608,52.5168713
"884",3371,3371,"URBANSTR.",10,13.4128842,52.4918341
"885",3372,3372,"USEDOMER STR. / WATTSTR.",1,13.3906719,52.5402599
"886",3373,3373,"VARZINER STR.",1,13.3267312,52.4774065
"887",3374,3374,"VENUSSTR.",1,13.529185,52.4073118
"888",3375,3375,"VERLÄNGERTE WALDOWALLEE",1,13.5417169,52.4750082
"889",3376,3376,"VETERANENSTR.",2,13.401119,52.5331139
"890",3377,3377,"VIEHTRIFT / THAERSTR.",1,13.4556747,52.5220651
"891",3378,3378,"VIKTORIASTR. / AUGUSTAPLATZ",1,13.3067049,52.442975
"892",3379,3379,"VOIGTSTR.",1,13.4687225,52.5171101
"893",3380,3380,"VOLKRADSTR.",2,13.5084858,52.5000926
"894",3381,3381,"VOLKRADSTR. / SEWANSTR.",1,13.506912,52.4968812
"895",3382,3382,"VOLMERSTR. / ERICH-THILO-STR. / RUDOWER CHAUSSEE",1,13.5341363,52.4314525
"896",3383,3383,"VOLMERSTR. / ERNST-RUSKA-UFER",1,13.5418551,52.4256593
"897",3384,3384,"VOLTAIRESTR.",1,13.4159993,52.5173875
"898",3385,3385,"VON-DER-HEYDT-STR.",1,13.3542529,52.5068755
"899",3386,3386,"VOR DEM SCHLESISCHEN TOR",1,13.449789,52.4967266
"900",3387,3387,"VOR DEM SCHLESISCHEN TOR / OBERE FREIARCHENBRÜCKE / PUSCHKINALLEE / AM FLUTGRA",1,13.4499352,52.496662
"901",3388,3388,"VOßSTR.",3,13.3802777,52.5110088
"902",3389,3389,"VULKANSTR.",1,13.4854457,52.5284748
"903",3390,3390,"VULKANSTR. / ELLI-VOIGT-STR.",2,13.485249,52.5317451
"904",3391,3391,"WACHSMUTHSTR.",2,13.3130548,52.6166685
"905",3392,3392,"WAGNER-RÉGENY-STR. / HANS-SCHMIDT-STR.",1,13.536597,52.4357836
"906",3393,3393,"WAIDMANNSLUSTER DAMM",5,13.3027988,52.6004122
"907",3394,3394,"WAIDMANNSLUSTER DAMM / JEAN-JAURÈS-STR.",1,13.3197526,52.6070177
"908",3395,3395,"WALDEMARSTR.",5,13.4230443,52.5025822
"909",3396,3396,"WALDEMARSTR. / DRESDENER STR.",2,13.4147458,52.5048173
"910",3397,3397,"WALDEMARSTR. / LEUSCHNERDAMM / WALDEMARBRÜCKE",1,13.4178637,52.504216
"911",3398,3398,"WALDEMARSTR. / MARIANNENPLATZ",3,13.4239382,52.5023343
"912",3399,3399,"WALDNESSELWEG / MÜGGELHEIMER DAMM / ERWIN-BOCK-STR.",2,13.5964998,52.4370437
"913",3400,3400,"WALDOWALLEE / RHEINSTEINSTR.",1,13.5320059,52.4840846
"914",3401,3401,"WALDOWALLEE / TRESKOWALLEE",1,13.5280675,52.4899128
"915",3402,3402,"WALDSASSENER STR.",1,13.3503617,52.4099459
"916",3403,3403,"WALDSCHULALLEE",2,13.2620363,52.5011364
"917",3404,3404,"WALDSEEWEG",1,13.3125787,52.6208044
"918",3405,3405,"WALDSTR. / WICLEFSTR.",1,13.3313133,52.5308699
"919",3406,3406,"WALLENSTEINSTR.",1,13.5117307,52.4889393
"920",3407,3407,"WALLSTR.",2,13.4091393,52.5120753
"921",3408,3408,"WALTER-FRIEDLÄNDER-STR. / ERICH-NEHLHANS-STR. / THAERSTR.",1,13.4573917,52.5245376
"922",3409,3409,"WALTER-FRIEDRICH-STR.",2,13.4946725,52.6322825
"923",3410,3410,"WALTER-FRIEDRICH-STR. / FRANZ-SCHMIDT-STR.",1,13.495332,52.6330129
"924",3411,3411,"WAM POSTFENN",2,13.2197702,52.5004462
"925",3412,3412,"WARENER STR.",1,13.5678732,52.5203588
"926",3413,3413,"WARNEMÜNDER STR.",2,13.2901584,52.4732077
"927",3414,3414,"WARNEMÜNDER STR. / ROSTOCKER STR.",1,13.5081496,52.574434
"928",3415,3415,"WARNITZER STR. / VINCENT-VAN-GOGH-STR.",1,13.5218432,52.5670541
"929",3416,3416,"WARSCHAUER STR.",17,13.4508829,52.509228
"930",3417,3417,"WARTHESTR. / WARTHEPLATZ",1,13.4251291,52.4697909
"931",3418,3418,"WASGENSTR.",1,13.2130492,52.431478
"932",3419,3419,"WASGENSTR. / WESTHOFENER WEG",1,13.2136367,52.4296527
"933",3420,3420,"WASHINGTONPLATZ",1,13.3691308,52.5241933
"934",3421,3421,"WASSERMANNSTR.",1,13.5537358,52.438253
"935",3422,3422,"WASSERMANNSTR. / RADICKESTR.",1,13.5541624,52.4379295
"936",3423,3423,"WASSERTORSTR.",1,13.4090728,52.4996787
"937",3424,3424,"WBORNSTEDTER STR. / KURFÜRSTENDAMM",1,13.2884958,52.4965671
"938",3425,3425,"WD",1,13.5066451,52.5103991
"939",3426,3426,"WEDEKINDSTR. / RÜDERSDORFER STR.",1,13.4432369,52.5120429
"940",3427,3427,"WEGEDORNSTR.",1,13.531016,52.4156388
"941",3428,3428,"WEICHSELSTR.",2,13.431471,52.483118
"942",3429,3429,"WEICHSELSTR. / SONNENALLEE",1,13.4337845,52.4848957
"943",3430,3430,"WEIDENWEG",2,13.137869,52.525375
"944",3431,3431,"WEIGANDUFER",3,13.4480909,52.4827666
"945",3432,3432,"WEIGANDUFER / TREPTOWER BRÜCKE / TREPTOWER STR.",2,13.4520466,52.4810832
"946",3433,3433,"WEIGANDUFER / WILDENBRUCHBRÜCKE / WILDENBRUCHPARK / WILDENBRUCHSTR.",3,13.4480909,52.4827666
"947",3434,3434,"WEINBERGSWEG",9,13.4027925,52.5315752
"948",3435,3435,"WEINMEISTERHORNWEG / WILHELMSTR.",3,13.1715932,52.5110214
"949",3436,3436,"WEINMEISTERSTR.",6,13.4048442,52.5255614
"950",3437,3437,"WEIßENBURGER STR.",1,13.1991385,52.5231526
"951",3438,3438,"WEIßENSEER WEG",3,13.4754971,52.5336391
"952",3439,3439,"WEITLINGSTR.",4,13.4929623,52.500974
"953",3440,3440,"WELTLI",2,13.404954,52.5200066
"954",3441,3441,"WENDENSCHLOßSTR.",3,13.5837403,52.4312392
"955",3442,3442,"WERBELLINSTR.",1,13.4320782,52.4783715
"956",3443,3443,"WERBELLINSTR. / HANS-SCHIFTAN-STR.",1,13.4347718,52.4786246
"957",3444,3444,"WERMUTHWEG / WILDMEISTERDAMM / KÖLNER DAMM",1,13.4487102,52.4253337
"958",3445,3445,"WERNERSTR.",1,13.159983,52.419561
"959",3446,3446,"WERNEUCHENER STR.",1,13.4944867,52.540791
"960",3447,3447,"WERNSDORFER STR.",1,13.6721086,52.3715098
"961",3448,3448,"WESERSTR.",8,13.4408669,52.4833959
"962",3449,3449,"WESERSTR. / WILDENBRUCHSTR.",2,13.4417728,52.4829519
"963",3450,3450,"WESTARPSTR.",1,13.3411863,52.4897682
"964",3451,3451,"WESTFÄLISCHE STR.",4,13.302539,52.4942845
"965",3452,3452,"WESTPHALWEG",1,13.3910411,52.4455543
"966",3453,3453,"WEXSTR.",3,13.3363378,52.4787562
"967",3454,3454,"WICHERTSTR.",2,13.4210467,52.5485021
"968",3455,3455,"WICLEFSTR.",1,13.3351771,52.5304948
"969",3456,3456,"WIEBESTR.",1,13.3193886,52.5282675
"970",3457,3457,"WIESBADENER STR.",1,13.3136747,52.4721589
"971",3458,3458,"WIESENSTR.",2,13.3756162,52.54657
"972",3459,3459,"WILDENBRUCHSTR.",3,13.44593,52.4860952
"973",3460,3460,"WILDENBRUCHSTR. / KARL-KUNGER-STR.",1,13.4505256,52.4892435
"974",3461,3461,"WILDHÜTERWEG",1,13.4533108,52.4217073
"975",3462,3462,"WILHELMINE-GEMBERG-WEG / KÖPENICKER STR.",1,13.4232781,52.5092086
"976",3463,3463,"WILHELMINENHOFSTR.",11,13.5213195,52.4607317
"977",3464,3464,"WILHELM-KABUS-STR.",5,13.3657748,52.4806962
"978",3465,3465,"WILHELMSRUHER DAMM",5,13.3663832,52.5973217
"979",3466,3466,"WILHELMSRUHER DAMM / UHLANDSTR.",1,13.3696367,52.5974052
"980",3467,3467,"WILHELM-STOLZE-STR.",1,13.4469364,52.5232116
"981",3468,3468,"WILHELMSTR.",11,13.3851166,52.5081991
"982",3469,3469,"WILHELMSTR. / BEHRENSTR.",3,13.3814887,52.5151459
"983",3470,3470,"WILHELMSTR. / LEIPZIGER STR.",7,13.3841869,52.5100066
"984",3471,3471,"WILHELMSTR. / UNTER DEN LINDEN",12,13.3808523,52.516378
"985",3472,3472,"WILLY-BRANDT-STR.",1,13.3697031,52.5213842
"986",3473,3473,"WILLY-BRANDT-STR. / HEINRICH-VON-GAGERN-STR. / PAUL-LÖBE-ALLEE",1,13.3708639,52.5194078
"987",3474,3474,"WILMERSDORFER STR.",2,13.3058592,52.5094081
"988",3475,3475,"WILSNACKER STR.",3,13.3513853,52.5282209
"989",3476,3476,"WILTBERGSTR.",3,13.4872061,52.6405444
"990",3477,3477,"WILTINGER STR. / ZELTINGER PLATZ",1,13.2902596,52.6342673
"991",3478,3478,"WINDSCHEIDSTR.",8,13.2990912,52.5069477
"992",3479,3479,"WINDSCHEIDSTR. / STUTTGARTER PLATZ",1,13.2999692,52.5048816
"993",3480,3480,"WINKELRIEDSTR.",1,13.3567176,52.561009
"994",3481,3481,"WINSSTR.",1,13.4256848,52.53427
"995",3482,3482,"WINTERFELDTSTR.",2,13.3516132,52.4967169
"996",3483,3483,"WINTERSTEINSTR.",2,13.3064324,52.5188442
"997",3484,3484,"WIPPERSTR.",1,13.4430167,52.4710034
"998",3485,3485,"WISBYER STR.",2,13.4223358,52.5527506
"999",3486,3486,"WISMARPLATZ",1,13.4628509,52.5110414
"1000",3487,3487,"WITTENBERGPLATZ",2,13.3427294,52.5016146
"1001",3488,3488,"WITZLEBENPLATZ",1,13.2928231,52.5094195
"1002",3489,3489,"WITZLEBENSTR.",1,13.293401,52.5082812
"1003",3490,3490,"WOELCKPROMENADE",1,13.4543178,52.5536844
"1004",3491,3491,"WOLFFRING",1,13.3806878,52.4809026
"1005",3492,3492,"WOLFRAMSTR.",1,13.3747529,52.4527217
"1006",3493,3493,"WOLFSHAGENER STR.",1,13.413163,52.5734747
"1007",3494,3494,"WOLGASTER STR. / BERNAUER STR.",2,13.3979331,52.5388515
"1008",3495,3495,"WOLLANKSTR.",9,13.3933062,52.5644883
"1009",3496,3496,"WOLLANKSTR. / BREHMESTR. / SCHULZESTR.",3,13.3942971,52.5650141
"1010",3497,3497,"WOLLANKSTR. / GÖRSCHSTR.",3,13.401652,52.565637
"1011",3498,3498,"WOLLANKSTR. / NEUE SCHÖNHOLZER STR. / SCHÖNHOLZER STR. / BREITE STR.",2,13.4015326,52.5691798
"1012",3499,3499,"WOLLANKSTR. / PRADELSTR.",1,13.3949404,52.5653468
"1013",3500,3500,"WOLZIGER ZEILE",1,13.3939875,52.3821472
"1014",3501,3501,"WOLZOGENSTR.",1,13.2346213,52.4339001
"1015",3502,3502,"WÖNNICHSTR.",1,13.496104,52.500266
"1016",3503,3503,"WÖRLITZER STR. / HAVEMANNSTR.",1,13.5695594,52.5691415
"1017",3504,3504,"WÖRTHER STR.",1,13.4175198,52.5366841
"1018",3505,3505,"WRANGELSTR.",6,13.4300121,52.503492
"1019",3506,3506,"WS ACHILLESSTR. / AM ELSEBROCKEN",1,13.4871031,52.6187108
"1020",3507,3507,"WS AM STEINBERG / PRENZLAUER PROMENADE / THULESTR.",2,13.429925,52.5566394
"1021",3508,3508,"WUHLESTR. / CECILIENSTR.",1,13.5695951,52.5289335
"1022",3509,3509,"WUHLETALSTR. / WUHLETALSTR.",1,13.5645225,52.5606293
"1023",3510,3510,"WULLENWEBERSTR.",1,13.3323521,52.518459
"1024",3511,3511,"WÜRTTEMBERGISCHE STR. / ZÄHRINGERSTR.",1,13.3154749,52.4955661
"1025",3512,3512,"WUSTROWER STR.",1,13.5053317,52.568752
"1026",3513,3513,"WUSTROWER STR. / AHRENSHOOPER STR.",1,13.5033454,52.5704903
"1027",3514,3514,"XANTENER STR.",3,13.3100595,52.4991269
"1028",3515,3515,"YITZHAK-RABIN-STR.",1,13.370337,52.5168857
"1029",3516,3516,"YORCKBRÜCKEN",1,13.3739953,52.4920219
"1030",3517,3517,"YORCKSTR.",3,13.3780464,52.4920958
"1031",3518,3518,"ZAANDAMER STR.",1,13.4513208,52.4565637
"1032",3519,3519,"ZADEKSTR.",1,13.4595706,52.4346165
"1033",3520,3520,"ZECHLINER STR.",1,13.4926406,52.5363053
"1034",3521,3521,"ZELTINGER PLATZ / FROHNAUER BRÜCKE",1,13.2898579,52.6332479
"1035",3522,3522,"ZELTINGER STR. / ZERNDORFER WEG",1,13.2984419,52.639186
"1036",3523,3523,"ZEPERNICKER STR.",1,13.5140639,52.6412081
"1037",3524,3524,"ZEPPELINSTR.",1,13.1840862,52.5451855
"1038",3525,3525,"ZERPENSCHLEUSER RING",1,13.3695176,52.6055371
"1039",3526,3526,"ZEUGHOFSTR. / KÖPENICKER STR.",3,13.4373747,52.5034398
"1040",3527,3527,"ZIETENPLATZ / WILHELMSTR. / MOHRENSTR. / VOßSTR.",1,13.3847245,52.5117469
"1041",3528,3528,"ZILLESTR.",1,13.2969,52.513367
"1042",3529,3529,"ZIMMERSTR.",1,13.3923017,52.5078243
"1043",3530,3530,"ZINGSTER STR.",3,13.5009702,52.5673058
"1044",3531,3531,"ZINGSTER STR. / AHRENSHOOPER STR.",1,13.4991639,52.5688834
"1045",3532,3532,"ZINNOWITZER STR.",1,13.3833478,52.5317392
"1046",3533,3533,"ZIPSER WEG",1,13.6197044,52.4913709
"1047",3534,3534,"ZOBTENER STR.",2,13.4904737,52.4968739
"1048",3535,3535,"ZOPPOTER STR.",1,13.2983648,52.4711919
"1049",3536,3536,"ZOSSENER STR.",2,13.3948164,52.4929261
"1050",3537,3537,"ZUR RINGALLEE / AN DER INDUSTRIEBAHN / ROELCKESTR.",2,13.4608732,52.5640115
"1051",3538,3538,"ZUR RINGALLEE / NÜßLERSTR. / ROELCKESTR.",2,13.4618488,52.5647968
"1052",3539,3539,"ZUR RINGALLEE / RENNBAHNSTR.",1,13.452082,52.5631463
"1053",3540,3540,"ZWICKAUER DAMM",1,13.4785743,52.4183095
"1054",3541,3541,"ZWIESELER STR.",2,13.5396315,52.4920844
